voyage_id,vessel_id,load_port_id,discharge_port_id,cargo_code,departure_date,arrival_date,sea_days,distance_nm,laden_speed_knots,cargo_tonnes,freight_rate_ws,data_source
V-2023-00001,gas-al-negeh,mina-al-ahmadi,qingdao,PROPANE,2023-01-01,2023-01-20,19,6200,13.8,48887,66.3,synthetic
V-2023-00002,kaifan,shuaiba,ain-sokhna,GASOIL,2023-01-02,2023-01-13,11,3400,12.4,43378,236.0,synthetic
V-2023-00003,dar-salwa,mina-al-ahmadi,qingdao,KEC,2023-01-03,2023-01-23,20,6200,13.0,300762,46.5,synthetic
V-2023-00004,al-kout,mina-al-zour,qingdao,KEC,2023-01-04,2023-01-25,21,6200,12.4,293555,69.3,synthetic
V-2023-00005,al-yamamah,mina-al-ahmadi,sikka,JETA1,2023-01-04,2023-01-08,4,1150,13.4,46767,143.0,synthetic
V-2023-00006,gas-al-ahmadiah,mina-al-ahmadi,ningbo-zhoushan,BUTANE,2023-01-06,2023-01-25,19,5900,12.7,49885,122.0,synthetic
V-2023-00007,al-riqqa,mina-al-ahmadi,qingdao,KEC,2023-01-07,2023-01-25,18,6200,14.5,288105,73.0,synthetic
V-2023-00008,bneider,shuaiba,singapore,GASOLINE,2023-01-07,2023-01-18,11,3900,14.4,104104,121.3,synthetic
V-2023-00009,al-funtas,mina-al-ahmadi,trieste,KEC,2023-01-10,2023-01-22,12,4500,15.0,289403,48.3,synthetic
V-2023-00010,al-yarmouk,mina-al-ahmadi,augusta,KHAFJI,2023-01-11,2023-01-23,12,4100,14.4,303597,51.8,synthetic
V-2023-00011,gas-al-mubarakiah,mina-al-ahmadi,sikka,PROPANE,2023-01-14,2023-01-18,4,1150,12.1,51227,128.7,synthetic
V-2023-00012,umm-al-aish,mina-al-ahmadi,ulsan,KEC,2023-01-15,2023-02-02,18,6300,14.5,295683,57.3,synthetic
V-2023-00013,al-jabriyah-ii,mina-al-ahmadi,sikka,EOCENE,2023-01-17,2023-01-20,3,1150,14.0,292280,82.7,synthetic
V-2023-00014,al-yamamah,mina-al-ahmadi,colombo,NAPHTHA,2023-01-18,2023-01-25,7,2250,13.7,44326,162.2,synthetic
V-2023-00015,al-dasma,mina-al-ahmadi,fujairah,GASOLINE,2023-01-19,2023-01-21,2,590,14.9,105628,88.4,synthetic
V-2023-00016,bubyan,shuaiba,fujairah,FUELOIL,2023-01-19,2023-01-21,2,590,13.1,44677,130.9,synthetic
V-2023-00017,gas-umm-al-rowaisat,mina-al-ahmadi,yeosu,PROPANE,2023-01-20,2023-02-07,18,6200,14.2,49494,87.3,synthetic
V-2023-00018,mutriba,mina-abdullah,fujairah,GASOLINE,2023-01-24,2023-01-26,2,590,14.3,43567,158.4,synthetic
V-2023-00019,gas-al-mubarakiah,mina-al-ahmadi,yeosu,PROPANE,2023-01-26,2023-02-16,21,6200,12.1,50157,105.1,synthetic
V-2023-00020,kazimah-iii,mina-al-zour,ulsan,KEC,2023-01-27,2023-02-17,21,6300,12.3,294007,62.6,synthetic
V-2023-00021,burgan,mina-abdullah,colombo,NAPHTHA,2023-01-28,2023-02-03,6,2250,15.0,42931,252.4,synthetic
V-2023-00022,bubyan,mina-abdullah,colombo,NAPHTHA,2023-01-29,2023-02-04,6,2250,14.8,43426,140.4,synthetic
V-2023-00023,gas-al-mutlaa,mina-al-ahmadi,karachi,BUTANE,2023-01-29,2023-02-01,3,1050,13.6,46954,115.2,synthetic
V-2023-00024,al-dasma,mina-abdullah,jnpt-mumbai,JETA1,2023-01-30,2023-02-04,5,1450,12.9,104010,100.4,synthetic
V-2023-00025,al-jabriyah-ii,mina-al-zour,ningbo-zhoushan,KEC,2023-01-30,2023-02-19,20,5900,12.0,294184,61.0,synthetic
V-2023-00026,al-salmi,mina-al-ahmadi,ningbo-zhoushan,KEC,2023-01-30,2023-02-17,18,5900,13.8,291355,51.8,synthetic
V-2023-00027,kaifan,shuaiba,sikka,NAPHTHA,2023-01-31,2023-02-03,3,1150,14.1,41738,190.5,synthetic
V-2023-00028,shegardiah,mina-al-ahmadi,fujairah,FUELOIL,2023-01-31,2023-02-02,2,590,12.9,43994,152.2,synthetic
V-2023-00029,al-shegaya,mina-al-ahmadi,qingdao,KEC,2023-02-01,2023-02-23,22,6200,11.9,280011,84.8,synthetic
V-2023-00030,mutriba,mina-abdullah,mombasa,GASOLINE,2023-02-02,2023-02-10,8,2700,13.5,44010,234.1,synthetic
V-2023-00031,al-salheia,mina-al-ahmadi,kawasaki,KEC,2023-02-03,2023-02-26,23,6700,12.4,276761,59.0,synthetic
V-2023-00032,al-derwazah,mina-al-ahmadi,ningbo-zhoushan,KEC,2023-02-04,2023-02-24,20,5900,12.2,289422,50.3,synthetic
V-2023-00033,al-yamamah,mina-abdullah,fujairah,NAPHTHA,2023-02-06,2023-02-08,2,590,14.8,45483,159.1,synthetic
V-2023-00034,bneider,mina-al-zour,sikka,NAPHTHA,2023-02-06,2023-02-09,3,1150,14.8,102472,98.5,synthetic
V-2023-00035,wafrah,mina-al-zour,augusta,GASOIL,2023-02-06,2023-02-20,14,4100,12.5,108412,159.5,synthetic
V-2023-00036,al-funtas,mina-al-ahmadi,kawasaki,KEC,2023-02-09,2023-02-28,19,6700,14.6,301935,77.6,synthetic
V-2023-00037,bahra,mina-abdullah,fujairah,NAPHTHA,2023-02-10,2023-02-12,2,590,12.5,101217,118.5,synthetic
V-2023-00038,al-siddeeq,mina-al-ahmadi,kawasaki,KEC,2023-02-11,2023-03-02,19,6700,14.8,307458,80.6,synthetic
V-2023-00039,al-yarmouk,mina-al-ahmadi,trieste,KEC,2023-02-11,2023-02-25,14,4500,13.3,286521,75.1,synthetic
V-2023-00040,gas-al-kuwait-ii,mina-al-ahmadi,ulsan,PROPANE,2023-02-11,2023-03-03,20,6300,13.0,48607,128.2,synthetic
V-2023-00041,gas-al-negeh,mina-al-ahmadi,yeosu,PROPANE,2023-02-11,2023-03-02,19,6200,13.4,49293,79.5,synthetic
V-2023-00042,shegardiah,mina-abdullah,karachi,GASOLINE,2023-02-11,2023-02-14,3,1050,14.6,44087,125.5,synthetic
V-2023-00043,gas-al-mutlaa,mina-al-ahmadi,singapore,PROPANE,2023-02-12,2023-02-24,12,3900,14.0,47681,120.4,synthetic
V-2023-00044,gas-al-gurain,mina-al-ahmadi,singapore,BUTANE,2023-02-13,2023-02-25,12,3900,13.3,46087,103.0,synthetic
V-2023-00045,kaifan,mina-al-zour,fujairah,GASOLINE,2023-02-13,2023-02-15,2,590,15.2,43609,259.1,synthetic
V-2023-00046,al-dasma,mina-al-ahmadi,jnpt-mumbai,GASOIL,2023-02-15,2023-02-20,5,1450,13.4,99168,148.3,synthetic
V-2023-00047,bubyan,mina-al-ahmadi,jnpt-mumbai,GASOLINE,2023-02-16,2023-02-21,5,1450,12.9,41994,162.9,synthetic
V-2023-00048,dar-salwa,mina-al-ahmadi,sikka,KEC,2023-02-16,2023-02-20,4,1150,12.5,305312,48.1,synthetic
V-2023-00049,gas-al-ahmadiah,mina-al-ahmadi,yeosu,BUTANE,2023-02-16,2023-03-09,21,6200,12.4,49363,92.3,synthetic
V-2023-00050,al-yamamah,mina-abdullah,sikka,NAPHTHA,2023-02-17,2023-02-21,4,1150,13.0,44769,163.3,synthetic
V-2023-00051,al-kout,mina-al-ahmadi,augusta,KEC,2023-02-18,2023-03-02,12,4100,13.8,297363,59.6,synthetic
V-2023-00052,al-riqqa,mina-al-ahmadi,qingdao,KHAFJI,2023-02-18,2023-03-11,21,6200,12.5,300038,48.3,synthetic
V-2023-00053,burgan,mina-al-zour,ain-sokhna,FUELOIL,2023-02-18,2023-02-27,9,3400,15.0,42794,188.3,synthetic
V-2023-00054,bahra,mina-al-zour,ulsan,GASOIL,2023-02-19,2023-03-12,21,6300,12.6,102930,167.4,synthetic
V-2023-00055,bneider,mina-al-ahmadi,sikka,NAPHTHA,2023-02-21,2023-02-25,4,1150,13.0,107269,174.2,synthetic
V-2023-00056,kaifan,mina-al-ahmadi,colombo,GASOIL,2023-02-22,2023-03-02,8,2250,12.2,41857,176.3,synthetic
V-2023-00057,mutriba,mina-al-zour,singapore,GASOLINE,2023-02-22,2023-03-06,12,3900,13.4,42492,173.5,synthetic
V-2023-00058,shegardiah,mina-abdullah,sikka,GASOLINE,2023-02-23,2023-02-26,3,1150,14.2,46948,214.3,synthetic
V-2023-00059,umm-al-aish,mina-al-zour,ulsan,KEC,2023-02-27,2023-03-18,19,6300,13.7,306888,55.7,synthetic
V-2023-00060,bubyan,mina-al-ahmadi,singapore,GASOLINE,2023-03-02,2023-03-14,12,3900,13.8,42717,168.7,synthetic
V-2023-00061,dar-salwa,mina-al-zour,ain-sokhna,KEC,2023-03-02,2023-03-13,11,3400,13.0,294437,55.3,synthetic
V-2023-00062,gas-umm-al-rowaisat,mina-al-ahmadi,sikka,BUTANE,2023-03-02,2023-03-05,3,1150,13.7,49584,86.0,synthetic
V-2023-00063,al-dasma,shuaiba,augusta,GASOIL,2023-03-03,2023-03-15,12,4100,14.6,103056,141.9,synthetic
V-2023-00064,al-yamamah,mina-al-zour,karachi,FUELOIL,2023-03-03,2023-03-07,4,1050,12.5,46207,222.8,synthetic
V-2023-00065,bneider,mina-al-ahmadi,augusta,GASOIL,2023-03-08,2023-03-21,13,4100,12.7,105559,152.6,synthetic
V-2023-00066,shegardiah,mina-al-zour,jnpt-mumbai,NAPHTHA,2023-03-09,2023-03-14,5,1450,13.1,45446,199.8,synthetic
V-2023-00067,wafrah,mina-al-ahmadi,ulsan,GASOLINE,2023-03-10,2023-03-30,20,6300,13.3,106684,142.6,synthetic
V-2023-00068,al-salmi,mina-al-ahmadi,qingdao,KEC,2023-03-11,2023-03-29,18,6200,14.7,299221,76.3,synthetic
V-2023-00069,gas-al-mubarakiah,mina-al-ahmadi,sikka,PROPANE,2023-03-11,2023-03-15,4,1150,13.2,51835,133.3,synthetic
V-2023-00070,gas-al-mutlaa,mina-al-ahmadi,mombasa,PROPANE,2023-03-13,2023-03-22,9,2700,12.0,47477,83.6,synthetic
V-2023-00071,kazimah-iii,mina-al-ahmadi,rotterdam,KEC,2023-03-14,2023-04-03,20,6400,13.2,285613,59.6,synthetic
V-2023-00072,gas-al-gurain,mina-al-ahmadi,karachi,PROPANE,2023-03-15,2023-03-18,3,1050,14.3,45999,129.6,synthetic
V-2023-00073,gas-umm-al-rowaisat,mina-al-ahmadi,jnpt-mumbai,BUTANE,2023-03-15,2023-03-19,4,1450,13.9,50778,114.9,synthetic
V-2023-00074,al-yamamah,mina-al-ahmadi,karachi,JETA1,2023-03-16,2023-03-19,3,1050,13.5,46630,234.2,synthetic
V-2023-00075,al-yarmouk,mina-al-ahmadi,qingdao,KEC,2023-03-16,2023-04-04,19,6200,13.5,300625,78.6,synthetic
V-2023-00076,al-jabriyah-ii,mina-al-ahmadi,ningbo-zhoushan,KEC,2023-03-17,2023-04-06,20,5900,12.6,301912,64.0,synthetic
V-2023-00077,burgan,mina-abdullah,fujairah,GASOIL,2023-03-18,2023-03-20,2,590,12.2,43427,181.8,synthetic
V-2023-00078,kaifan,mina-al-ahmadi,karachi,GASOLINE,2023-03-18,2023-03-21,3,1050,13.6,41835,161.2,synthetic
V-2023-00079,al-derwazah,mina-al-ahmadi,ningbo-zhoushan,KEC,2023-03-20,2023-04-08,19,5900,12.9,306310,73.3,synthetic
V-2023-00080,al-shegaya,mina-al-ahmadi,ulsan,KEC,2023-03-21,2023-04-08,18,6300,14.6,277569,76.6,synthetic
V-2023-00081,al-kout,mina-al-ahmadi,trieste,KEC,2023-03-22,2023-04-03,12,4500,15.2,286363,85.8,synthetic
V-2023-00082,shegardiah,mina-abdullah,colombo,JETA1,2023-03-22,2023-03-29,7,2250,12.8,44253,209.7,synthetic
V-2023-00083,al-salheia,mina-al-ahmadi,ningbo-zhoushan,EOCENE,2023-03-23,2023-04-10,18,5900,13.3,281248,56.4,synthetic
V-2023-00084,mutriba,mina-abdullah,colombo,GASOIL,2023-03-24,2023-03-31,7,2250,13.0,43670,176.1,synthetic
V-2023-00085,al-funtas,mina-al-ahmadi,rotterdam,KEC,2023-03-25,2023-04-12,18,6400,14.5,286182,72.3,synthetic
V-2023-00086,gas-al-mubarakiah,mina-al-ahmadi,chiba,BUTANE,2023-03-25,2023-04-12,18,6700,15.1,49876,86.3,synthetic
V-2023-00087,burgan,mina-al-zour,karachi,GASOLINE,2023-03-27,2023-03-30,3,1050,15.0,42021,132.2,synthetic
V-2023-00088,gas-al-negeh,mina-al-ahmadi,ningbo-zhoushan,BUTANE,2023-03-27,2023-04-12,16,5900,14.9,52195,91.0,synthetic
V-2023-00089,al-yamamah,mina-al-ahmadi,fujairah,GASOIL,2023-03-28,2023-03-30,2,590,12.6,44248,243.8,synthetic
V-2023-00090,dar-salwa,mina-al-zour,ulsan,EOCENE,2023-03-28,2023-04-18,21,6300,12.7,292617,46.7,synthetic
V-2023-00091,gas-al-gurain,mina-al-ahmadi,colombo,BUTANE,2023-03-28,2023-04-04,7,2250,13.6,44885,89.4,synthetic
V-2023-00092,gas-al-kuwait-ii,mina-al-ahmadi,qingdao,PROPANE,2023-03-30,2023-04-17,18,6200,14.0,51894,68.4,synthetic
V-2023-00093,al-siddeeq,mina-al-ahmadi,sikka,KEC,2023-03-31,2023-04-04,4,1150,12.3,296852,39.1,synthetic
V-2023-00094,gas-umm-al-rowaisat,mina-al-ahmadi,chiba,BUTANE,2023-03-31,2023-04-20,20,6700,13.9,51777,119.2,synthetic
V-2023-00095,al-dasma,mina-abdullah,singapore,JETA1,2023-04-01,2023-04-14,13,3900,12.6,101814,83.9,synthetic
V-2023-00096,bubyan,mina-al-ahmadi,mombasa,GASOLINE,2023-04-01,2023-04-10,9,2700,13.1,42948,174.3,synthetic
V-2023-00097,kaifan,mina-abdullah,karachi,JETA1,2023-04-01,2023-04-04,3,1050,14.1,42253,146.9,synthetic
V-2023-00098,gas-al-mutlaa,mina-al-ahmadi,singapore,BUTANE,2023-04-04,2023-04-15,11,3900,15.1,47446,102.2,synthetic
V-2023-00099,gas-al-ahmadiah,mina-al-ahmadi,jnpt-mumbai,PROPANE,2023-04-05,2023-04-09,4,1450,14.5,52643,101.0,synthetic
V-2023-00100,bahra,mina-al-ahmadi,durban,JETA1,2023-04-06,2023-04-21,15,4600,13.1,100495,118.2,synthetic
V-2023-00101,al-riqqa,mina-al-zour,chiba,KEC,2023-04-07,2023-04-28,21,6700,13.6,305678,50.9,synthetic
V-2023-00102,al-yamamah,mina-abdullah,karachi,JETA1,2023-04-07,2023-04-10,3,1050,15.2,45412,232.7,synthetic
V-2023-00103,bneider,mina-abdullah,fujairah,GASOIL,2023-04-09,2023-04-11,2,590,12.6,103601,164.6,synthetic
V-2023-00104,burgan,mina-al-ahmadi,mombasa,FUELOIL,2023-04-11,2023-04-19,8,2700,13.5,42364,126.9,synthetic
V-2023-00105,kaifan,mina-al-ahmadi,colombo,GASOIL,2023-04-12,2023-04-18,6,2250,14.8,42790,258.7,synthetic
V-2023-00106,shegardiah,mina-al-zour,sikka,GASOIL,2023-04-12,2023-04-15,3,1150,14.4,45327,165.1,synthetic
V-2023-00107,umm-al-aish,mina-al-ahmadi,yeosu,KEC,2023-04-13,2023-04-30,17,6200,14.8,301532,78.3,synthetic
V-2023-00108,mutriba,mina-abdullah,durban,JETA1,2023-04-14,2023-04-27,13,4600,14.5,43966,196.8,synthetic
V-2023-00109,al-siddeeq,mina-al-ahmadi,qingdao,KEC,2023-04-16,2023-05-07,21,6200,12.5,303769,45.1,synthetic
V-2023-00110,gas-al-gurain,mina-al-ahmadi,singapore,PROPANE,2023-04-17,2023-04-28,11,3900,14.9,45643,95.5,synthetic
V-2023-00111,al-yamamah,mina-al-ahmadi,sikka,NAPHTHA,2023-04-18,2023-04-21,3,1150,14.9,44581,139.7,synthetic
V-2023-00112,bneider,mina-al-zour,ulsan,JETA1,2023-04-19,2023-05-11,22,6300,12.1,99955,104.0,synthetic
V-2023-00113,gas-al-ahmadiah,mina-al-ahmadi,chiba,PROPANE,2023-04-20,2023-05-12,22,6700,12.6,52100,114.8,synthetic
V-2023-00114,al-salmi,mina-al-ahmadi,rotterdam,KEC,2023-04-21,2023-05-09,18,6400,14.8,295287,74.2,synthetic
V-2023-00115,shegardiah,mina-abdullah,colombo,GASOIL,2023-04-22,2023-04-28,6,2250,14.9,45130,246.9,synthetic
V-2023-00116,al-kout,mina-al-ahmadi,trieste,KHAFJI,2023-04-23,2023-05-08,15,4500,12.4,296327,45.2,synthetic
V-2023-00117,bubyan,mina-al-ahmadi,karachi,JETA1,2023-04-23,2023-04-27,4,1050,12.0,44059,160.1,synthetic
V-2023-00118,wafrah,mina-abdullah,singapore,JETA1,2023-04-24,2023-05-06,12,3900,13.3,108482,166.4,synthetic
V-2023-00119,al-derwazah,mina-al-ahmadi,houston,KEC,2023-04-29,2023-06-01,33,11500,14.5,291607,66.0,synthetic
V-2023-00120,al-jabriyah-ii,mina-al-ahmadi,chiba,KEC,2023-04-29,2023-05-23,24,6700,11.8,290799,56.3,synthetic
V-2023-00121,al-yarmouk,mina-al-ahmadi,yeosu,KEC,2023-04-30,2023-05-22,22,6200,12.0,296463,75.6,synthetic
V-2023-00122,kaifan,mina-abdullah,jnpt-mumbai,NAPHTHA,2023-04-30,2023-05-05,5,1450,12.9,44813,213.4,synthetic
V-2023-00123,kazimah-iii,mina-al-ahmadi,trieste,KEC,2023-04-30,2023-05-13,13,4500,14.7,298488,55.5,synthetic
V-2023-00124,al-shegaya,mina-al-zour,ningbo-zhoushan,KEC,2023-05-01,2023-05-19,18,5900,13.8,287820,41.7,synthetic
V-2023-00125,gas-al-mutlaa,mina-al-ahmadi,mombasa,PROPANE,2023-05-01,2023-05-09,8,2700,14.6,47460,146.9,synthetic
V-2023-00126,al-dasma,mina-abdullah,fujairah,GASOIL,2023-05-02,2023-05-04,2,590,14.9,101227,124.3,synthetic
V-2023-00127,burgan,mina-al-zour,singapore,FUELOIL,2023-05-02,2023-05-13,11,3900,14.8,43871,230.0,synthetic
V-2023-00128,al-yamamah,shuaiba,sikka,GASOIL,2023-05-03,2023-05-07,4,1150,11.9,46782,254.5,synthetic
V-2023-00129,al-salheia,mina-al-ahmadi,rotterdam,KEC,2023-05-05,2023-05-25,20,6400,13.2,280163,78.2,synthetic
V-2023-00130,bubyan,mina-al-zour,mombasa,JETA1,2023-05-06,2023-05-15,9,2700,13.0,42812,241.0,synthetic
V-2023-00131,gas-al-negeh,mina-al-ahmadi,qingdao,PROPANE,2023-05-06,2023-05-26,20,6200,13.0,48958,109.1,synthetic
V-2023-00132,gas-al-mubarakiah,mina-al-ahmadi,sikka,PROPANE,2023-05-08,2023-05-11,3,1150,14.9,49804,106.2,synthetic
V-2023-00133,al-funtas,mina-al-zour,sikka,EOCENE,2023-05-10,2023-05-14,4,1150,12.2,298867,52.6,synthetic
V-2023-00134,bahra,mina-al-ahmadi,trieste,GASOIL,2023-05-10,2023-05-23,13,4500,14.5,101963,114.7,synthetic
V-2023-00135,gas-al-kuwait-ii,mina-al-ahmadi,sikka,BUTANE,2023-05-11,2023-05-14,3,1150,15.1,50268,134.2,synthetic
V-2023-00136,dar-salwa,mina-al-ahmadi,chiba,KEC,2023-05-13,2023-06-04,22,6700,12.5,302741,55.8,synthetic
V-2023-00137,shegardiah,mina-al-ahmadi,karachi,JETA1,2023-05-13,2023-05-16,3,1050,12.9,43720,261.4,synthetic
V-2023-00138,al-dasma,mina-al-ahmadi,augusta,JETA1,2023-05-14,2023-05-26,12,4100,14.4,104596,142.0,synthetic
V-2023-00139,gas-al-gurain,mina-al-ahmadi,sikka,PROPANE,2023-05-14,2023-05-18,4,1150,12.1,45091,114.4,synthetic
V-2023-00140,mutriba,mina-al-zour,karachi,GASOLINE,2023-05-16,2023-05-19,3,1050,15.2,42768,229.9,synthetic
V-2023-00141,gas-umm-al-rowaisat,mina-al-ahmadi,ningbo-zhoushan,PROPANE,2023-05-17,2023-06-04,18,5900,13.7,50154,60.5,synthetic
V-2023-00142,kaifan,mina-abdullah,jnpt-mumbai,NAPHTHA,2023-05-17,2023-05-21,4,1450,13.9,41788,253.2,synthetic
V-2023-00143,al-yamamah,mina-al-zour,mombasa,GASOIL,2023-05-19,2023-05-27,8,2700,14.0,44790,242.9,synthetic
V-2023-00144,gas-al-mubarakiah,mina-al-ahmadi,qingdao,BUTANE,2023-05-19,2023-06-07,19,6200,13.7,50815,132.1,synthetic
V-2023-00145,al-funtas,mina-al-ahmadi,chiba,KEC,2023-05-24,2023-06-13,20,6700,13.8,286873,74.6,synthetic
V-2023-00146,al-riqqa,mina-al-ahmadi,sikka,EOCENE,2023-05-24,2023-05-27,3,1150,14.3,291286,78.3,synthetic
V-2023-00147,gas-al-mutlaa,mina-al-ahmadi,sikka,PROPANE,2023-05-24,2023-05-28,4,1150,12.9,46095,107.6,synthetic
V-2023-00148,wafrah,mina-abdullah,jnpt-mumbai,JETA1,2023-05-24,2023-05-28,4,1450,15.0,103243,121.9,synthetic
V-2023-00149,gas-al-kuwait-ii,mina-al-ahmadi,ulsan,PROPANE,2023-05-25,2023-06-13,19,6300,13.9,50345,84.9,synthetic
V-2023-00150,umm-al-aish,mina-al-ahmadi,yeosu,KEC,2023-05-25,2023-06-12,18,6200,14.0,307404,42.4,synthetic
V-2023-00151,shegardiah,shuaiba,jnpt-mumbai,GASOLINE,2023-05-26,2023-05-31,5,1450,12.4,46030,176.7,synthetic
V-2023-00152,al-kout,mina-al-ahmadi,kawasaki,KEC,2023-05-29,2023-06-17,19,6700,14.5,299738,56.0,synthetic
V-2023-00153,al-siddeeq,mina-al-ahmadi,chiba,KEC,2023-05-29,2023-06-17,19,6700,14.5,293953,83.6,synthetic
V-2023-00154,burgan,mina-al-ahmadi,mombasa,GASOIL,2023-05-29,2023-06-07,9,2700,11.9,43290,177.9,synthetic
V-2023-00155,mutriba,mina-abdullah,karachi,FUELOIL,2023-05-29,2023-06-01,3,1050,13.5,42469,140.5,synthetic
V-2023-00156,bubyan,mina-al-ahmadi,sikka,NAPHTHA,2023-05-31,2023-06-03,3,1150,14.5,43812,256.2,synthetic
V-2023-00157,gas-al-gurain,mina-al-ahmadi,jnpt-mumbai,BUTANE,2023-05-31,2023-06-05,5,1450,13.0,46233,72.2,synthetic
V-2023-00158,kaifan,mina-al-ahmadi,sikka,GASOIL,2023-05-31,2023-06-04,4,1150,12.4,42049,140.7,synthetic
V-2023-00159,al-salmi,mina-al-ahmadi,kawasaki,KSLC,2023-06-01,2023-06-23,22,6700,12.8,300753,44.4,synthetic
V-2023-00160,kazimah-iii,mina-al-zour,ulsan,KEC,2023-06-05,2023-06-23,18,6300,14.6,293918,67.1,synthetic
V-2023-00161,bneider,mina-al-ahmadi,ulsan,NAPHTHA,2023-06-06,2023-06-23,17,6300,15.1,105740,149.8,synthetic
V-2023-00162,al-riqqa,mina-al-ahmadi,sikka,KEC,2023-06-07,2023-06-10,3,1150,14.6,309567,86.8,synthetic
V-2023-00163,gas-al-ahmadiah,mina-al-ahmadi,sikka,BUTANE,2023-06-08,2023-06-11,3,1150,14.0,50864,123.4,synthetic
V-2023-00164,gas-al-mutlaa,mina-al-ahmadi,jnpt-mumbai,BUTANE,2023-06-08,2023-06-13,5,1450,12.7,47619,91.5,synthetic
V-2023-00165,bahra,mina-abdullah,singapore,NAPHTHA,2023-06-10,2023-06-22,12,3900,13.8,106415,133.1,synthetic
V-2023-00166,mutriba,mina-al-ahmadi,karachi,JETA1,2023-06-10,2023-06-13,3,1050,13.1,43686,253.4,synthetic
V-2023-00167,wafrah,mina-al-zour,singapore,NAPHTHA,2023-06-10,2023-06-21,11,3900,14.4,108467,78.3,synthetic
V-2023-00168,al-dasma,shuaiba,singapore,GASOIL,2023-06-11,2023-06-23,12,3900,13.6,102928,151.3,synthetic
V-2023-00169,bubyan,shuaiba,karachi,JETA1,2023-06-11,2023-06-14,3,1050,13.1,42292,134.9,synthetic
V-2023-00170,shegardiah,mina-abdullah,singapore,GASOIL,2023-06-11,2023-06-24,13,3900,12.1,45968,173.1,synthetic
V-2023-00171,al-yamamah,mina-al-zour,sikka,FUELOIL,2023-06-12,2023-06-15,3,1150,14.4,46475,254.2,synthetic
V-2023-00172,kaifan,mina-abdullah,sikka,GASOIL,2023-06-13,2023-06-17,4,1150,13.1,43913,129.6,synthetic
V-2023-00173,al-shegaya,mina-al-zour,ain-sokhna,EOCENE,2023-06-14,2023-06-24,10,3400,13.7,288529,63.0,synthetic
V-2023-00174,al-salheia,mina-al-ahmadi,trieste,KEC,2023-06-16,2023-07-01,15,4500,12.1,271476,40.7,synthetic
V-2023-00175,al-yarmouk,mina-al-ahmadi,ain-sokhna,KEC,2023-06-16,2023-06-27,11,3400,12.9,296731,64.7,synthetic
V-2023-00176,gas-al-gurain,mina-al-ahmadi,karachi,PROPANE,2023-06-18,2023-06-21,3,1050,15.1,44845,124.7,synthetic
V-2023-00177,al-jabriyah-ii,mina-al-ahmadi,augusta,KEC,2023-06-20,2023-07-02,12,4100,14.6,305646,51.7,synthetic
V-2023-00178,gas-al-negeh,mina-al-ahmadi,qingdao,BUTANE,2023-06-20,2023-07-08,18,6200,14.3,51545,64.1,synthetic
V-2023-00179,al-riqqa,mina-al-ahmadi,kawasaki,KHAFJI,2023-06-21,2023-07-15,24,6700,11.8,302107,60.2,synthetic
V-2023-00180,mutriba,mina-al-zour,fujairah,NAPHTHA,2023-06-21,2023-06-23,2,590,14.6,44076,174.2,synthetic
V-2023-00181,burgan,mina-al-ahmadi,fujairah,NAPHTHA,2023-06-22,2023-06-24,2,590,15.0,44034,150.3,synthetic
V-2023-00182,gas-al-ahmadiah,mina-al-ahmadi,jnpt-mumbai,BUTANE,2023-06-22,2023-06-26,4,1450,14.0,49503,63.7,synthetic
V-2023-00183,gas-al-mutlaa,mina-al-ahmadi,colombo,PROPANE,2023-06-22,2023-06-29,7,2250,12.6,46294,103.8,synthetic
V-2023-00184,al-yamamah,mina-abdullah,mombasa,GASOIL,2023-06-24,2023-07-02,8,2700,15.0,45210,172.2,synthetic
V-2023-00185,kaifan,mina-abdullah,durban,FUELOIL,2023-06-25,2023-07-10,15,4600,13.1,43601,161.0,synthetic
V-2023-00186,bubyan,mina-al-zour,durban,FUELOIL,2023-06-26,2023-07-10,14,4600,13.4,42699,144.5,synthetic
V-2023-00187,gas-umm-al-rowaisat,mina-al-ahmadi,colombo,PROPANE,2023-06-28,2023-07-04,6,2250,14.8,52882,118.0,synthetic
V-2023-00188,gas-al-gurain,mina-al-ahmadi,sikka,PROPANE,2023-06-29,2023-07-03,4,1150,12.5,46337,96.6,synthetic
V-2023-00189,mutriba,mina-al-zour,mombasa,NAPHTHA,2023-07-01,2023-07-09,8,2700,14.8,44580,163.7,synthetic
V-2023-00190,dar-salwa,mina-al-ahmadi,chiba,KEC,2023-07-04,2023-07-27,23,6700,12.0,307263,80.5,synthetic
V-2023-00191,burgan,mina-abdullah,singapore,FUELOIL,2023-07-05,2023-07-17,12,3900,14.0,43831,249.2,synthetic
V-2023-00192,gas-al-mubarakiah,mina-al-ahmadi,ulsan,BUTANE,2023-07-05,2023-07-26,21,6300,12.4,50437,75.9,synthetic
V-2023-00193,umm-al-aish,mina-al-ahmadi,kawasaki,KEC,2023-07-05,2023-07-26,21,6700,13.5,292328,54.7,synthetic
V-2023-00194,gas-al-kuwait-ii,mina-al-ahmadi,ningbo-zhoushan,BUTANE,2023-07-07,2023-07-26,19,5900,13.2,50783,117.2,synthetic
V-2023-00195,al-funtas,mina-al-ahmadi,chiba,KHAFJI,2023-07-08,2023-07-31,23,6700,12.1,290612,87.2,synthetic
V-2023-00196,gas-al-ahmadiah,mina-al-ahmadi,ulsan,PROPANE,2023-07-09,2023-07-27,18,6300,14.3,51791,62.3,synthetic
V-2023-00197,al-shegaya,mina-al-ahmadi,ningbo-zhoushan,KEC,2023-07-10,2023-07-27,17,5900,14.5,287696,70.8,synthetic
V-2023-00198,gas-al-mutlaa,mina-al-ahmadi,mombasa,BUTANE,2023-07-10,2023-07-18,8,2700,13.5,45340,138.8,synthetic
V-2023-00199,wafrah,mina-al-ahmadi,augusta,FUELOIL,2023-07-10,2023-07-24,14,4100,12.2,106806,103.4,synthetic
V-2023-00200,al-kout,mina-al-zour,rotterdam,KEC,2023-07-11,2023-07-29,18,6400,15.1,302365,71.6,synthetic
V-2023-00201,al-yarmouk,mina-al-ahmadi,ningbo-zhoushan,KSLC,2023-07-11,2023-07-28,17,5900,14.4,306939,87.5,synthetic
V-2023-00202,gas-al-gurain,mina-al-ahmadi,fujairah,PROPANE,2023-07-11,2023-07-13,2,590,14.6,45468,140.8,synthetic
V-2023-00203,al-dasma,mina-al-ahmadi,ain-sokhna,NAPHTHA,2023-07-12,2023-07-22,10,3400,14.0,106328,77.6,synthetic
V-2023-00204,bahra,mina-al-zour,ulsan,NAPHTHA,2023-07-12,2023-07-29,17,6300,15.2,105196,154.4,synthetic
V-2023-00205,al-derwazah,mina-al-ahmadi,yeosu,KEC,2023-07-13,2023-08-01,19,6200,13.5,297775,59.9,synthetic
V-2023-00206,shegardiah,mina-al-ahmadi,singapore,FUELOIL,2023-07-14,2023-07-27,13,3900,12.3,45745,247.4,synthetic
V-2023-00207,kazimah-iii,mina-al-ahmadi,rotterdam,KEC,2023-07-15,2023-08-06,22,6400,11.9,295519,84.2,synthetic
V-2023-00208,al-siddeeq,mina-al-ahmadi,yeosu,KEC,2023-07-16,2023-08-04,19,6200,13.8,294943,63.8,synthetic
V-2023-00209,al-yamamah,mina-al-ahmadi,karachi,FUELOIL,2023-07-17,2023-07-20,3,1050,13.3,46853,228.9,synthetic
V-2023-00210,gas-umm-al-rowaisat,mina-al-ahmadi,yeosu,BUTANE,2023-07-19,2023-08-09,21,6200,12.3,51172,82.2,synthetic
V-2023-00211,al-jabriyah-ii,mina-al-ahmadi,kawasaki,KEC,2023-07-20,2023-08-11,22,6700,12.6,289126,83.2,synthetic
V-2023-00212,bneider,mina-al-ahmadi,trieste,JETA1,2023-07-21,2023-08-04,14,4500,13.2,103345,133.5,synthetic
V-2023-00213,gas-al-gurain,mina-al-ahmadi,sikka,PROPANE,2023-07-22,2023-07-26,4,1150,12.9,45265,114.4,synthetic
V-2023-00214,mutriba,mina-abdullah,sikka,FUELOIL,2023-07-22,2023-07-26,4,1150,12.6,43964,166.3,synthetic
V-2023-00215,al-salheia,mina-al-ahmadi,ain-sokhna,KEC,2023-07-23,2023-08-04,12,3400,11.8,271734,77.2,synthetic
V-2023-00216,al-salmi,mina-al-ahmadi,sikka,KEC,2023-07-23,2023-07-26,3,1150,14.9,308972,43.4,synthetic
V-2023-00217,al-yamamah,mina-al-ahmadi,karachi,GASOLINE,2023-07-28,2023-08-01,4,1050,12.4,45952,167.8,synthetic
V-2023-00218,kaifan,mina-al-ahmadi,jnpt-mumbai,JETA1,2023-07-29,2023-08-02,4,1450,13.5,43609,232.2,synthetic
V-2023-00219,bubyan,mina-al-ahmadi,sikka,GASOIL,2023-07-30,2023-08-02,3,1150,13.8,43122,254.6,synthetic
V-2023-00220,burgan,mina-al-ahmadi,ain-sokhna,GASOLINE,2023-08-02,2023-08-11,9,3400,15.0,43329,226.3,synthetic
V-2023-00221,gas-al-gurain,mina-al-ahmadi,jnpt-mumbai,PROPANE,2023-08-02,2023-08-07,5,1450,13.2,47521,119.5,synthetic
V-2023-00222,gas-al-mutlaa,mina-al-ahmadi,sikka,PROPANE,2023-08-03,2023-08-07,4,1150,11.8,45824,109.7,synthetic
V-2023-00223,mutriba,mina-al-ahmadi,fujairah,GASOIL,2023-08-04,2023-08-06,2,590,12.9,41855,230.3,synthetic
V-2023-00224,gas-al-negeh,mina-al-ahmadi,sikka,BUTANE,2023-08-05,2023-08-09,4,1150,13.3,50929,119.4,synthetic
V-2023-00225,al-dasma,mina-al-zour,fujairah,NAPHTHA,2023-08-06,2023-08-08,2,590,14.3,99633,132.3,synthetic
V-2023-00226,al-salmi,mina-al-ahmadi,sikka,EOCENE,2023-08-08,2023-08-12,4,1150,13.0,307407,66.1,synthetic
V-2023-00227,al-yamamah,mina-abdullah,ain-sokhna,GASOIL,2023-08-08,2023-08-18,10,3400,14.0,45723,124.7,synthetic
V-2023-00228,bubyan,mina-abdullah,colombo,FUELOIL,2023-08-11,2023-08-17,6,2250,14.9,42253,151.1,synthetic
V-2023-00229,wafrah,mina-al-ahmadi,fujairah,GASOLINE,2023-08-12,2023-08-14,2,590,12.8,106689,85.6,synthetic
V-2023-00230,al-riqqa,mina-al-ahmadi,qingdao,KEC,2023-08-13,2023-09-03,21,6200,12.4,291332,66.5,synthetic
V-2023-00231,shegardiah,mina-abdullah,colombo,NAPHTHA,2023-08-14,2023-08-21,7,2250,13.1,44586,254.8,synthetic
V-2023-00232,al-dasma,mina-al-ahmadi,trieste,JETA1,2023-08-15,2023-08-29,14,4500,13.3,103219,98.5,synthetic
V-2023-00233,gas-al-mutlaa,mina-al-ahmadi,jnpt-mumbai,BUTANE,2023-08-15,2023-08-19,4,1450,15.0,47327,136.3,synthetic
V-2023-00234,kaifan,mina-al-ahmadi,sikka,JETA1,2023-08-16,2023-08-19,3,1150,14.4,41718,229.4,synthetic
V-2023-00235,mutriba,mina-al-ahmadi,fujairah,NAPHTHA,2023-08-17,2023-08-19,2,590,13.7,44575,209.4,synthetic
V-2023-00236,gas-al-gurain,mina-al-ahmadi,karachi,BUTANE,2023-08-19,2023-08-23,4,1050,12.3,44430,102.3,synthetic
V-2023-00237,gas-al-mubarakiah,mina-al-ahmadi,ningbo-zhoushan,BUTANE,2023-08-19,2023-09-04,16,5900,14.9,50511,121.1,synthetic
V-2023-00238,gas-al-negeh,mina-al-ahmadi,qingdao,BUTANE,2023-08-19,2023-09-06,18,6200,14.6,50117,69.0,synthetic
V-2023-00239,al-salmi,mina-al-ahmadi,kawasaki,KHAFJI,2023-08-20,2023-09-12,23,6700,12.0,305933,56.5,synthetic
V-2023-00240,al-yarmouk,mina-al-ahmadi,yeosu,KEC,2023-08-20,2023-09-07,18,6200,14.0,294734,64.9,synthetic
V-2023-00241,dar-salwa,mina-al-ahmadi,yeosu,KEC,2023-08-20,2023-09-10,21,6200,12.6,294143,65.3,synthetic
V-2023-00242,gas-al-kuwait-ii,mina-al-ahmadi,sikka,BUTANE,2023-08-20,2023-08-24,4,1150,12.7,48607,65.9,synthetic
V-2023-00243,al-salheia,mina-al-ahmadi,ningbo-zhoushan,KEC,2023-08-21,2023-09-10,20,5900,12.3,275966,72.1,synthetic
V-2023-00244,gas-al-ahmadiah,mina-al-ahmadi,sikka,BUTANE,2023-08-21,2023-08-25,4,1150,12.9,52547,126.8,synthetic
V-2023-00245,umm-al-aish,mina-al-ahmadi,chiba,EOCENE,2023-08-21,2023-09-08,18,6700,15.1,303262,59.7,synthetic
V-2023-00246,bahra,mina-al-ahmadi,jnpt-mumbai,GASOIL,2023-08-23,2023-08-28,5,1450,13.0,104532,89.9,synthetic
V-2023-00247,wafrah,mina-abdullah,singapore,JETA1,2023-08-23,2023-09-05,13,3900,12.7,109215,123.4,synthetic
V-2023-00248,al-shegaya,mina-al-ahmadi,rotterdam,KEC,2023-08-24,2023-09-14,21,6400,12.6,280110,62.1,synthetic
V-2023-00249,al-kout,mina-al-ahmadi,kawasaki,KEC,2023-08-25,2023-09-16,22,6700,12.9,299722,65.2,synthetic
V-2023-00250,bneider,mina-al-zour,ulsan,NAPHTHA,2023-08-26,2023-09-13,18,6300,14.2,106889,173.6,synthetic
V-2023-00251,al-derwazah,mina-al-ahmadi,houston,KEC,2023-08-27,2023-09-29,33,11500,14.6,304432,54.5,synthetic
V-2023-00252,al-funtas,mina-al-ahmadi,kawasaki,KEC,2023-08-27,2023-09-15,19,6700,14.7,296774,60.9,synthetic
V-2023-00253,kaifan,mina-al-zour,fujairah,JETA1,2023-08-27,2023-08-29,2,590,14.8,44261,189.6,synthetic
V-2023-00254,burgan,mina-abdullah,mombasa,GASOIL,2023-08-29,2023-09-06,8,2700,14.9,44873,130.6,synthetic
V-2023-00255,mutriba,mina-al-zour,jnpt-mumbai,GASOIL,2023-08-29,2023-09-03,5,1450,12.2,44663,232.0,synthetic
V-2023-00256,al-siddeeq,mina-al-zour,ulsan,KHAFJI,2023-08-30,2023-09-17,18,6300,14.4,297986,58.1,synthetic
V-2023-00257,gas-al-mutlaa,mina-al-ahmadi,karachi,PROPANE,2023-08-30,2023-09-03,4,1050,12.5,46149,135.0,synthetic
V-2023-00258,bubyan,mina-al-zour,ain-sokhna,FUELOIL,2023-09-01,2023-09-13,12,3400,11.9,44473,149.6,synthetic
V-2023-00259,gas-al-kuwait-ii,mina-al-ahmadi,yeosu,BUTANE,2023-09-01,2023-09-21,20,6200,13.1,48799,61.5,synthetic
V-2023-00260,gas-umm-al-rowaisat,mina-al-ahmadi,ulsan,BUTANE,2023-09-01,2023-09-22,21,6300,12.7,49700,118.8,synthetic
V-2023-00261,kazimah-iii,mina-al-ahmadi,chiba,EOCENE,2023-09-01,2023-09-22,21,6700,13.5,297744,71.8,synthetic
V-2023-00262,gas-al-gurain,mina-al-ahmadi,jnpt-mumbai,BUTANE,2023-09-02,2023-09-07,5,1450,11.9,44263,84.5,synthetic
V-2023-00263,al-yamamah,mina-abdullah,mombasa,JETA1,2023-09-03,2023-09-11,8,2700,13.3,45126,247.4,synthetic
V-2023-00264,gas-al-ahmadiah,mina-al-ahmadi,jnpt-mumbai,BUTANE,2023-09-04,2023-09-09,5,1450,13.2,50626,85.9,synthetic
V-2023-00265,shegardiah,mina-al-ahmadi,mombasa,JETA1,2023-09-05,2023-09-13,8,2700,14.9,47050,200.9,synthetic
V-2023-00266,al-jabriyah-ii,mina-al-ahmadi,chiba,KHAFJI,2023-09-07,2023-09-28,21,6700,13.2,297839,57.4,synthetic
V-2023-00267,bahra,mina-al-ahmadi,singapore,GASOIL,2023-09-08,2023-09-20,12,3900,13.8,100720,100.7,synthetic
V-2023-00268,kaifan,mina-abdullah,singapore,GASOIL,2023-09-08,2023-09-19,11,3900,14.2,43554,167.7,synthetic
V-2023-00269,gas-al-mutlaa,mina-al-ahmadi,jnpt-mumbai,PROPANE,2023-09-11,2023-09-16,5,1450,12.0,47155,139.3,synthetic
V-2023-00270,mutriba,mina-al-ahmadi,sikka,JETA1,2023-09-13,2023-09-16,3,1150,13.7,43477,189.6,synthetic
V-2023-00271,al-dasma,mina-abdullah,fujairah,JETA1,2023-09-17,2023-09-19,2,590,14.4,105419,97.8,synthetic
V-2023-00272,gas-al-gurain,mina-al-ahmadi,karachi,PROPANE,2023-09-17,2023-09-20,3,1050,14.4,44357,84.5,synthetic
V-2023-00273,gas-al-ahmadiah,mina-al-ahmadi,ulsan,PROPANE,2023-09-20,2023-10-08,18,6300,14.8,51502,66.2,synthetic
V-2023-00274,burgan,mina-abdullah,karachi,NAPHTHA,2023-09-22,2023-09-25,3,1050,14.5,43510,234.0,synthetic
V-2023-00275,al-yamamah,mina-al-ahmadi,ain-sokhna,FUELOIL,2023-09-24,2023-10-06,12,3400,12.3,44365,195.2,synthetic
V-2023-00276,wafrah,mina-al-ahmadi,trieste,JETA1,2023-09-24,2023-10-08,14,4500,13.6,104684,110.8,synthetic
V-2023-00277,gas-al-mubarakiah,mina-al-ahmadi,sikka,BUTANE,2023-09-25,2023-09-29,4,1150,13.6,49549,125.5,synthetic
V-2023-00278,al-riqqa,mina-al-ahmadi,kawasaki,KEC,2023-09-26,2023-10-20,24,6700,11.8,293278,76.2,synthetic
V-2023-00279,gas-al-mutlaa,mina-al-ahmadi,colombo,PROPANE,2023-09-26,2023-10-04,8,2250,12.2,46891,139.0,synthetic
V-2023-00280,gas-al-gurain,mina-al-ahmadi,karachi,BUTANE,2023-09-27,2023-10-01,4,1050,12.2,45642,85.2,synthetic
V-2023-00281,mutriba,mina-abdullah,karachi,FUELOIL,2023-09-28,2023-10-01,3,1050,14.8,43857,240.0,synthetic
V-2023-00282,shegardiah,mina-abdullah,karachi,GASOIL,2023-09-28,2023-10-01,3,1050,15.0,43831,205.5,synthetic
V-2023-00283,al-dasma,mina-al-ahmadi,singapore,GASOIL,2023-09-29,2023-10-10,11,3900,14.6,100842,111.3,synthetic
V-2023-00284,bubyan,mina-abdullah,fujairah,GASOIL,2023-09-30,2023-10-02,2,590,14.0,42862,214.6,synthetic
V-2023-00285,umm-al-aish,mina-al-ahmadi,qingdao,KEC,2023-10-02,2023-10-19,17,6200,15.0,291684,66.7,synthetic
V-2023-00286,gas-al-negeh,mina-al-ahmadi,yeosu,BUTANE,2023-10-04,2023-10-24,20,6200,12.9,49305,78.3,synthetic
V-2023-00287,al-salheia,mina-al-ahmadi,rotterdam,KEC,2023-10-05,2023-10-26,21,6400,12.8,279318,50.6,synthetic
V-2023-00288,al-yarmouk,mina-al-ahmadi,qingdao,KEC,2023-10-05,2023-10-26,21,6200,12.5,290998,77.2,synthetic
V-2023-00289,burgan,mina-al-ahmadi,jnpt-mumbai,GASOIL,2023-10-05,2023-10-10,5,1450,12.6,44282,258.2,synthetic
V-2023-00290,dar-salwa,mina-al-ahmadi,ningbo-zhoushan,KEC,2023-10-05,2023-10-22,17,5900,14.7,302934,51.0,synthetic
V-2023-00291,al-salmi,mina-al-zour,chiba,KEC,2023-10-06,2023-10-29,23,6700,12.2,293857,49.1,synthetic
V-2023-00292,kaifan,mina-abdullah,colombo,FUELOIL,2023-10-06,2023-10-12,6,2250,15.1,41952,258.0,synthetic
V-2023-00293,gas-al-mubarakiah,mina-al-ahmadi,yeosu,PROPANE,2023-10-07,2023-10-28,21,6200,12.6,51597,116.5,synthetic
V-2023-00294,gas-al-gurain,mina-al-ahmadi,jnpt-mumbai,PROPANE,2023-10-08,2023-10-13,5,1450,12.3,47455,115.6,synthetic
V-2023-00295,mutriba,mina-abdullah,jnpt-mumbai,GASOIL,2023-10-08,2023-10-12,4,1450,14.1,43650,208.1,synthetic
V-2023-00296,shegardiah,shuaiba,colombo,GASOIL,2023-10-10,2023-10-17,7,2250,13.7,45988,175.6,synthetic
V-2023-00297,al-siddeeq,mina-al-ahmadi,rotterdam,KEC,2023-10-11,2023-10-29,18,6400,14.5,308543,41.1,synthetic
V-2023-00298,bahra,mina-abdullah,singapore,GASOLINE,2023-10-11,2023-10-23,12,3900,13.3,101170,116.8,synthetic
V-2023-00299,al-kout,mina-al-ahmadi,qingdao,KHAFJI,2023-10-12,2023-11-01,20,6200,13.1,303354,42.6,synthetic
V-2023-00300,bneider,mina-al-ahmadi,fujairah,FUELOIL,2023-10-12,2023-10-14,2,590,12.5,107021,131.0,synthetic
V-2023-00301,bubyan,mina-al-ahmadi,sikka,GASOIL,2023-10-12,2023-10-15,3,1150,14.8,43013,261.4,synthetic
V-2023-00302,al-funtas,mina-al-zour,qingdao,KEC,2023-10-13,2023-10-31,18,6200,14.2,292002,70.4,synthetic
V-2023-00303,al-shegaya,mina-al-ahmadi,ningbo-zhoushan,KEC,2023-10-13,2023-11-01,19,5900,13.1,290561,85.3,synthetic
V-2023-00304,gas-umm-al-rowaisat,mina-al-ahmadi,qingdao,PROPANE,2023-10-15,2023-11-06,22,6200,11.9,49131,79.1,synthetic
V-2023-00305,gas-al-kuwait-ii,mina-al-ahmadi,jnpt-mumbai,BUTANE,2023-10-17,2023-10-21,4,1450,15.2,52355,63.2,synthetic
V-2023-00306,gas-al-mutlaa,mina-al-ahmadi,fujairah,PROPANE,2023-10-18,2023-10-20,2,590,14.6,44921,136.4,synthetic
V-2023-00307,kazimah-iii,mina-al-zour,rotterdam,KEC,2023-10-19,2023-11-10,22,6400,12.4,304353,54.2,synthetic
V-2023-00308,burgan,mina-abdullah,ain-sokhna,GASOIL,2023-10-21,2023-10-31,10,3400,14.6,44784,168.5,synthetic
V-2023-00309,gas-al-gurain,mina-al-ahmadi,karachi,BUTANE,2023-10-22,2023-10-25,3,1050,14.5,45621,75.1,synthetic
V-2023-00310,mutriba,mina-al-zour,sikka,GASOIL,2023-10-22,2023-10-25,3,1150,14.6,44282,139.0,synthetic
V-2023-00311,bneider,shuaiba,singapore,JETA1,2023-10-24,2023-11-07,14,3900,11.8,106467,78.3,synthetic
V-2023-00312,kaifan,mina-al-ahmadi,jnpt-mumbai,NAPHTHA,2023-10-24,2023-10-29,5,1450,12.7,43346,143.5,synthetic
V-2023-00313,al-yamamah,mina-al-ahmadi,ain-sokhna,GASOLINE,2023-10-25,2023-11-04,10,3400,14.9,45806,159.4,synthetic
V-2023-00314,al-jabriyah-ii,mina-al-ahmadi,ningbo-zhoushan,KEC,2023-10-26,2023-11-16,21,5900,11.8,306343,61.7,synthetic
V-2023-00315,bubyan,mina-abdullah,colombo,GASOIL,2023-10-26,2023-11-03,8,2250,12.3,42523,188.4,synthetic
V-2023-00316,gas-al-mutlaa,mina-al-ahmadi,jnpt-mumbai,BUTANE,2023-10-26,2023-10-31,5,1450,12.9,45615,116.3,synthetic
V-2023-00317,wafrah,mina-al-ahmadi,sikka,GASOIL,2023-10-27,2023-10-31,4,1150,12.7,105584,165.6,synthetic
V-2023-00318,al-dasma,shuaiba,sikka,JETA1,2023-10-28,2023-11-01,4,1150,13.4,104924,123.9,synthetic
V-2023-00319,gas-al-kuwait-ii,mina-al-ahmadi,yeosu,PROPANE,2023-10-29,2023-11-16,18,6200,14.5,49220,123.8,synthetic
V-2023-00320,shegardiah,mina-al-ahmadi,mombasa,JETA1,2023-10-29,2023-11-07,9,2700,12.1,44957,223.6,synthetic
V-2023-00321,gas-al-ahmadiah,mina-al-ahmadi,ningbo-zhoushan,PROPANE,2023-11-02,2023-11-21,19,5900,12.7,51466,108.8,synthetic
V-2023-00322,gas-al-gurain,mina-al-ahmadi,karachi,BUTANE,2023-11-03,2023-11-06,3,1050,13.2,46238,85.2,synthetic
V-2023-00323,mutriba,mina-al-ahmadi,sikka,GASOIL,2023-11-04,2023-11-08,4,1150,13.0,42945,241.5,synthetic
V-2023-00324,al-derwazah,mina-al-ahmadi,trieste,KEC,2023-11-08,2023-11-21,13,4500,14.3,297433,78.5,synthetic
V-2023-00325,kaifan,mina-al-ahmadi,colombo,GASOLINE,2023-11-08,2023-11-15,7,2250,13.6,42618,193.3,synthetic
V-2023-00326,bahra,mina-abdullah,qingdao,FUELOIL,2023-11-09,2023-11-29,20,6200,13.2,107237,160.4,synthetic
V-2023-00327,wafrah,mina-al-ahmadi,augusta,FUELOIL,2023-11-11,2023-11-23,12,4100,13.7,106254,129.0,synthetic
V-2023-00328,al-dasma,mina-al-ahmadi,singapore,FUELOIL,2023-11-12,2023-11-25,13,3900,12.4,102062,107.9,synthetic
V-2023-00329,gas-al-mutlaa,mina-al-ahmadi,singapore,PROPANE,2023-11-12,2023-11-24,12,3900,13.3,47170,140.8,synthetic
V-2023-00330,umm-al-aish,mina-al-ahmadi,qingdao,EOCENE,2023-11-12,2023-12-01,19,6200,13.5,297446,59.3,synthetic
V-2023-00331,al-riqqa,mina-al-ahmadi,trieste,KEC,2023-11-15,2023-11-30,15,4500,12.8,300681,63.9,synthetic
V-2023-00332,dar-salwa,mina-al-zour,trieste,KHAFJI,2023-11-15,2023-11-30,15,4500,12.1,297224,78.0,synthetic
V-2023-00333,gas-al-gurain,mina-al-ahmadi,sikka,PROPANE,2023-11-16,2023-11-19,3,1150,14.8,44620,135.5,synthetic
V-2023-00334,bubyan,mina-al-zour,sikka,FUELOIL,2023-11-17,2023-11-21,4,1150,13.6,42368,143.5,synthetic
V-2023-00335,burgan,mina-abdullah,durban,FUELOIL,2023-11-17,2023-12-02,15,4600,12.9,44075,144.7,synthetic
V-2023-00336,mutriba,mina-abdullah,jnpt-mumbai,NAPHTHA,2023-11-18,2023-11-23,5,1450,13.1,42595,121.8,synthetic
V-2023-00337,al-salheia,mina-al-zour,chiba,KEC,2023-11-19,2023-12-11,22,6700,12.7,277897,57.5,synthetic
V-2023-00338,gas-al-negeh,mina-al-ahmadi,qingdao,PROPANE,2023-11-19,2023-12-09,20,6200,13.2,51321,77.8,synthetic
V-2023-00339,al-yarmouk,mina-al-ahmadi,ulsan,KEC,2023-11-20,2023-12-08,18,6300,14.5,301644,71.6,synthetic
V-2023-00340,al-siddeeq,mina-al-ahmadi,yeosu,KHAFJI,2023-11-22,2023-12-12,20,6200,12.7,305992,62.2,synthetic
V-2023-00341,al-yamamah,mina-al-ahmadi,jnpt-mumbai,JETA1,2023-11-22,2023-11-27,5,1450,12.6,46311,216.5,synthetic
V-2023-00342,shegardiah,mina-al-ahmadi,karachi,NAPHTHA,2023-11-23,2023-11-26,3,1050,14.8,46790,132.5,synthetic
V-2023-00343,al-salmi,mina-al-ahmadi,ningbo-zhoushan,KEC,2023-11-25,2023-12-15,20,5900,12.5,293980,72.2,synthetic
V-2023-00344,al-shegaya,mina-al-ahmadi,kawasaki,KEC,2023-11-25,2023-12-16,21,6700,13.5,279259,71.7,synthetic
V-2023-00345,bneider,mina-al-ahmadi,qingdao,FUELOIL,2023-11-25,2023-12-13,18,6200,14.5,106207,155.0,synthetic
V-2023-00346,gas-al-mubarakiah,mina-al-ahmadi,ulsan,BUTANE,2023-11-25,2023-12-15,20,6300,13.2,52385,114.1,synthetic
V-2023-00347,al-funtas,mina-al-ahmadi,ningbo-zhoushan,KEC,2023-11-28,2023-12-15,17,5900,14.1,300630,54.1,synthetic
V-2023-00348,kaifan,mina-al-zour,fujairah,NAPHTHA,2023-11-28,2023-11-30,2,590,14.7,43630,212.0,synthetic
V-2023-00349,al-kout,mina-al-ahmadi,sikka,KEC,2023-11-29,2023-12-02,3,1150,14.3,296280,63.6,synthetic
V-2023-00350,gas-al-gurain,mina-al-ahmadi,sikka,PROPANE,2023-11-30,2023-12-04,4,1150,11.9,46632,122.8,synthetic
V-2023-00351,bubyan,mina-abdullah,jnpt-mumbai,GASOIL,2023-12-02,2023-12-07,5,1450,13.0,44374,208.1,synthetic
V-2023-00352,gas-umm-al-rowaisat,mina-al-ahmadi,jnpt-mumbai,PROPANE,2023-12-03,2023-12-07,4,1450,13.8,49073,75.7,synthetic
V-2023-00353,mutriba,mina-abdullah,colombo,NAPHTHA,2023-12-03,2023-12-11,8,2250,12.2,44347,186.1,synthetic
V-2023-00354,shegardiah,mina-al-ahmadi,jnpt-mumbai,JETA1,2023-12-03,2023-12-07,4,1450,13.5,46349,189.8,synthetic
V-2023-00355,kaifan,mina-al-zour,ain-sokhna,JETA1,2023-12-07,2023-12-18,11,3400,12.9,44519,198.5,synthetic
V-2023-00356,al-derwazah,mina-al-ahmadi,ulsan,EOCENE,2023-12-08,2023-12-27,19,6300,14.1,297737,77.7,synthetic
V-2023-00357,al-yamamah,mina-al-zour,fujairah,GASOIL,2023-12-08,2023-12-10,2,590,14.8,46824,162.5,synthetic
V-2023-00358,kazimah-iii,mina-al-ahmadi,ningbo-zhoushan,KEC,2023-12-08,2023-12-27,19,5900,13.1,289825,59.9,synthetic
V-2023-00359,gas-al-kuwait-ii,mina-al-ahmadi,sikka,PROPANE,2023-12-09,2023-12-12,3,1150,15.0,52007,131.0,synthetic
V-2023-00360,al-dasma,mina-al-ahmadi,ulsan,GASOIL,2023-12-11,2023-12-29,18,6300,14.5,105518,171.5,synthetic
V-2023-00361,al-jabriyah-ii,mina-al-zour,qingdao,KEC,2023-12-11,2023-12-30,19,6200,13.6,296356,47.2,synthetic
V-2023-00362,al-kout,mina-al-ahmadi,rotterdam,KEC,2023-12-11,2024-01-02,22,6400,12.0,306894,54.9,synthetic
V-2023-00363,gas-al-mutlaa,mina-al-ahmadi,karachi,BUTANE,2023-12-11,2023-12-14,3,1050,12.9,45413,84.4,synthetic
V-2023-00364,wafrah,mina-al-zour,durban,NAPHTHA,2023-12-12,2023-12-27,15,4600,12.8,106645,103.1,synthetic
V-2023-00365,gas-al-ahmadiah,mina-al-ahmadi,sikka,BUTANE,2023-12-13,2023-12-16,3,1150,15.1,51958,81.1,synthetic
V-2023-00366,gas-al-gurain,mina-al-ahmadi,mombasa,BUTANE,2023-12-14,2023-12-23,9,2700,13.0,44157,140.6,synthetic
V-2023-00367,bubyan,mina-al-ahmadi,ain-sokhna,GASOIL,2023-12-18,2023-12-28,10,3400,14.0,42352,241.3,synthetic
V-2023-00368,al-yamamah,mina-abdullah,singapore,JETA1,2023-12-19,2023-12-31,12,3900,13.9,45847,173.7,synthetic
V-2023-00369,dar-salwa,mina-al-ahmadi,ulsan,KEC,2023-12-19,2024-01-06,18,6300,14.7,305256,56.7,synthetic
V-2023-00370,gas-umm-al-rowaisat,mina-al-ahmadi,jnpt-mumbai,PROPANE,2023-12-19,2023-12-23,4,1450,13.7,52547,100.7,synthetic
V-2023-00371,shegardiah,shuaiba,karachi,GASOIL,2023-12-19,2023-12-22,3,1050,13.1,46322,185.7,synthetic
V-2023-00372,al-riqqa,mina-al-ahmadi,ningbo-zhoushan,KEC,2023-12-20,2024-01-09,20,5900,12.2,307514,47.7,synthetic
V-2023-00373,umm-al-aish,mina-al-ahmadi,qingdao,EOCENE,2023-12-23,2024-01-11,19,6200,13.3,288704,81.5,synthetic
V-2023-00374,burgan,mina-al-zour,fujairah,JETA1,2023-12-24,2023-12-26,2,590,12.3,43798,239.1,synthetic
V-2023-00375,gas-al-kuwait-ii,mina-al-ahmadi,qingdao,BUTANE,2023-12-24,2024-01-14,21,6200,12.2,49168,88.1,synthetic
V-2023-00376,mutriba,mina-abdullah,sikka,GASOLINE,2023-12-24,2023-12-27,3,1150,14.8,42294,156.5,synthetic
V-2023-00377,gas-al-mutlaa,mina-al-ahmadi,jnpt-mumbai,PROPANE,2023-12-25,2023-12-29,4,1450,14.3,47589,112.1,synthetic
V-2023-00378,bahra,mina-al-zour,sikka,GASOIL,2023-12-26,2023-12-30,4,1150,13.6,100934,120.7,synthetic
V-2023-00379,al-yarmouk,mina-al-ahmadi,ulsan,KEC,2023-12-29,2024-01-16,18,6300,14.9,288875,73.0,synthetic
V-2023-00380,gas-al-ahmadiah,mina-al-ahmadi,ningbo-zhoushan,PROPANE,2023-12-29,2024-01-15,17,5900,14.8,50319,134.4,synthetic
V-2023-00381,shegardiah,shuaiba,karachi,FUELOIL,2023-12-31,2024-01-03,3,1050,13.2,45866,147.9,synthetic
V-2024-00382,gas-umm-al-rowaisat,mina-al-ahmadi,ningbo-zhoushan,BUTANE,2024-01-03,2024-01-20,17,5900,14.8,52167,78.9,synthetic
V-2024-00383,mutriba,mina-abdullah,durban,GASOLINE,2024-01-04,2024-01-18,14,4600,13.9,42202,155.7,synthetic
V-2024-00384,burgan,mina-al-zour,durban,FUELOIL,2024-01-05,2024-01-19,14,4600,13.6,41960,149.6,synthetic
V-2024-00385,gas-al-negeh,mina-al-ahmadi,ningbo-zhoushan,BUTANE,2024-01-05,2024-01-22,17,5900,14.7,50368,85.5,synthetic
V-2024-00386,kaifan,mina-al-ahmadi,fujairah,FUELOIL,2024-01-05,2024-01-07,2,590,13.5,42613,126.4,synthetic
V-2024-00387,al-salheia,mina-al-zour,kawasaki,KEC,2024-01-06,2024-01-28,22,6700,12.6,289283,70.3,synthetic
V-2024-00388,al-siddeeq,mina-al-ahmadi,ningbo-zhoushan,KEC,2024-01-07,2024-01-24,17,5900,14.6,296620,47.6,synthetic
V-2024-00389,gas-al-gurain,mina-al-ahmadi,jnpt-mumbai,BUTANE,2024-01-07,2024-01-12,5,1450,12.0,45205,121.1,synthetic
V-2024-00390,al-salmi,mina-al-ahmadi,ningbo-zhoushan,KEC,2024-01-08,2024-01-25,17,5900,14.4,306272,46.8,synthetic
V-2024-00391,bahra,mina-abdullah,fujairah,FUELOIL,2024-01-08,2024-01-10,2,590,14.9,103325,136.0,synthetic
V-2024-00392,gas-al-mutlaa,mina-al-ahmadi,jnpt-mumbai,BUTANE,2024-01-08,2024-01-13,5,1450,12.0,45467,96.1,synthetic
V-2024-00393,al-funtas,mina-al-ahmadi,chiba,KHAFJI,2024-01-10,2024-02-01,22,6700,12.8,293457,52.9,synthetic
V-2024-00394,bneider,mina-al-ahmadi,sikka,GASOIL,2024-01-10,2024-01-13,3,1150,15.0,107236,119.1,synthetic
V-2024-00395,gas-al-mubarakiah,mina-al-ahmadi,yeosu,BUTANE,2024-01-10,2024-01-28,18,6200,14.4,51212,63.1,synthetic
V-2024-00396,al-shegaya,mina-al-ahmadi,ningbo-zhoushan,KEC,2024-01-11,2024-01-31,20,5900,12.0,272711,81.5,synthetic
V-2024-00397,bubyan,mina-abdullah,fujairah,NAPHTHA,2024-01-12,2024-01-14,2,590,13.1,42856,116.3,synthetic
V-2024-00398,shegardiah,shuaiba,singapore,FUELOIL,2024-01-13,2024-01-26,13,3900,12.6,45813,193.9,synthetic
V-2024-00399,kaifan,mina-abdullah,karachi,FUELOIL,2024-01-14,2024-01-17,3,1050,13.3,43958,228.1,synthetic
V-2024-00400,wafrah,mina-abdullah,durban,NAPHTHA,2024-01-16,2024-01-31,15,4600,12.5,104723,161.0,synthetic
V-2024-00401,al-yamamah,mina-al-ahmadi,fujairah,JETA1,2024-01-17,2024-01-19,2,590,14.9,44335,162.2,synthetic
V-2024-00402,kazimah-iii,mina-al-ahmadi,sikka,KHAFJI,2024-01-19,2024-01-23,4,1150,13.5,303753,79.1,synthetic
V-2024-00403,bahra,mina-al-ahmadi,durban,NAPHTHA,2024-01-20,2024-02-04,15,4600,12.4,101030,140.3,synthetic
V-2024-00404,al-derwazah,mina-al-ahmadi,qingdao,EOCENE,2024-01-21,2024-02-08,18,6200,14.4,299856,83.1,synthetic
V-2024-00405,al-dasma,mina-al-zour,durban,GASOIL,2024-01-22,2024-02-07,16,4600,12.3,99119,116.6,synthetic
V-2024-00406,bubyan,mina-al-zour,sikka,FUELOIL,2024-01-22,2024-01-25,3,1150,14.4,43856,162.2,synthetic
V-2024-00407,gas-al-gurain,mina-al-ahmadi,mombasa,PROPANE,2024-01-23,2024-02-01,9,2700,12.3,45455,67.2,synthetic
V-2024-00408,bneider,mina-al-ahmadi,singapore,GASOLINE,2024-01-24,2024-02-04,11,3900,14.6,103619,152.3,synthetic
V-2024-00409,al-jabriyah-ii,mina-al-ahmadi,houston,KEC,2024-01-25,2024-02-28,34,11500,14.2,306397,56.9,synthetic
V-2024-00410,gas-al-mutlaa,mina-al-ahmadi,karachi,BUTANE,2024-01-25,2024-01-28,3,1050,14.8,47562,123.3,synthetic
V-2024-00411,kaifan,shuaiba,fujairah,JETA1,2024-01-25,2024-01-27,2,590,15.0,44798,140.6,synthetic
V-2024-00412,al-kout,mina-al-ahmadi,rotterdam,KEC,2024-01-26,2024-02-14,19,6400,14.1,291080,56.1,synthetic
V-2024-00413,al-yamamah,mina-al-ahmadi,fujairah,NAPHTHA,2024-01-27,2024-01-29,2,590,13.7,46120,205.2,synthetic
V-2024-00414,bubyan,shuaiba,fujairah,GASOLINE,2024-02-02,2024-02-04,2,590,14.1,41997,130.0,synthetic
V-2024-00415,al-riqqa,mina-al-ahmadi,qingdao,EOCENE,2024-02-03,2024-02-21,18,6200,14.4,295316,70.0,synthetic
V-2024-00416,dar-salwa,mina-al-ahmadi,ulsan,KEC,2024-02-03,2024-02-23,20,6300,13.1,289670,64.7,synthetic
V-2024-00417,kaifan,mina-abdullah,fujairah,NAPHTHA,2024-02-03,2024-02-05,2,590,13.6,44081,243.4,synthetic
V-2024-00418,kazimah-iii,mina-al-ahmadi,qingdao,KEC,2024-02-03,2024-02-21,18,6200,14.3,307663,45.7,synthetic
V-2024-00419,gas-al-kuwait-ii,mina-al-ahmadi,ningbo-zhoushan,PROPANE,2024-02-05,2024-02-23,18,5900,13.3,50856,77.0,synthetic
V-2024-00420,umm-al-aish,mina-al-ahmadi,yeosu,EOCENE,2024-02-05,2024-02-26,21,6200,12.1,306378,46.8,synthetic
V-2024-00421,al-yamamah,mina-al-ahmadi,singapore,JETA1,2024-02-07,2024-02-19,12,3900,13.6,45525,159.2,synthetic
V-2024-00422,al-yarmouk,mina-al-ahmadi,kawasaki,EOCENE,2024-02-08,2024-03-01,22,6700,12.6,294640,74.5,synthetic
V-2024-00423,gas-al-ahmadiah,mina-al-ahmadi,sikka,PROPANE,2024-02-08,2024-02-11,3,1150,13.7,52591,87.5,synthetic
V-2024-00424,gas-al-mutlaa,mina-al-ahmadi,sikka,BUTANE,2024-02-08,2024-02-12,4,1150,13.6,46859,142.8,synthetic
V-2024-00425,burgan,mina-al-ahmadi,fujairah,JETA1,2024-02-09,2024-02-11,2,590,12.0,42688,191.3,synthetic
V-2024-00426,mutriba,mina-abdullah,colombo,GASOIL,2024-02-09,2024-02-16,7,2250,13.2,44716,197.1,synthetic
V-2024-00427,bubyan,mina-al-zour,ain-sokhna,GASOIL,2024-02-12,2024-02-22,10,3400,13.9,42331,210.7,synthetic
V-2024-00428,gas-umm-al-rowaisat,mina-al-ahmadi,chiba,PROPANE,2024-02-13,2024-03-04,20,6700,14.3,50799,100.4,synthetic
V-2024-00429,kaifan,mina-al-ahmadi,singapore,JETA1,2024-02-13,2024-02-26,13,3900,12.7,44449,147.6,synthetic
V-2024-00430,shegardiah,shuaiba,jnpt-mumbai,JETA1,2024-02-14,2024-02-19,5,1450,13.3,46868,136.3,synthetic
V-2024-00431,gas-al-negeh,mina-al-ahmadi,jnpt-mumbai,BUTANE,2024-02-15,2024-02-20,5,1450,13.2,51116,124.5,synthetic
V-2024-00432,gas-al-gurain,mina-al-ahmadi,sikka,BUTANE,2024-02-16,2024-02-19,3,1150,14.7,47413,131.1,synthetic
V-2024-00433,al-siddeeq,mina-al-zour,qingdao,KEC,2024-02-17,2024-03-06,18,6200,14.6,297624,66.2,synthetic
V-2024-00434,al-salmi,mina-al-ahmadi,qingdao,KEC,2024-02-18,2024-03-10,21,6200,12.4,306410,59.6,synthetic
V-2024-00435,burgan,mina-al-ahmadi,mombasa,NAPHTHA,2024-02-18,2024-02-26,8,2700,14.3,44099,214.6,synthetic
V-2024-00436,gas-al-ahmadiah,mina-al-ahmadi,qingdao,BUTANE,2024-02-20,2024-03-11,20,6200,13.1,49873,133.8,synthetic
V-2024-00437,wafrah,mina-al-zour,qingdao,GASOIL,2024-02-20,2024-03-09,18,6200,14.6,108650,156.4,synthetic
V-2024-00438,gas-al-mutlaa,mina-al-ahmadi,jnpt-mumbai,PROPANE,2024-02-21,2024-02-25,4,1450,14.1,46697,131.4,synthetic
V-2024-00439,gas-al-mubarakiah,mina-al-ahmadi,jnpt-mumbai,PROPANE,2024-02-22,2024-02-26,4,1450,14.9,52558,93.0,synthetic
V-2024-00440,bahra,mina-abdullah,trieste,GASOIL,2024-02-23,2024-03-09,15,4500,12.7,104353,160.7,synthetic
V-2024-00441,al-salheia,mina-al-ahmadi,ulsan,KSLC,2024-02-24,2024-03-13,18,6300,14.3,270287,43.6,synthetic
V-2024-00442,bneider,shuaiba,sikka,JETA1,2024-02-24,2024-02-27,3,1150,14.7,100444,107.0,synthetic
V-2024-00443,al-funtas,mina-al-ahmadi,chiba,EOCENE,2024-02-26,2024-03-16,19,6700,14.7,291948,73.7,synthetic
V-2024-00444,al-shegaya,mina-al-zour,ain-sokhna,KEC,2024-02-28,2024-03-10,11,3400,13.2,274749,56.6,synthetic
V-2024-00445,mutriba,mina-al-ahmadi,ain-sokhna,NAPHTHA,2024-02-28,2024-03-11,12,3400,12.1,44331,196.3,synthetic
V-2024-00446,al-dasma,mina-abdullah,fujairah,GASOIL,2024-02-29,2024-03-02,2,590,14.8,101248,101.1,synthetic
V-2024-00447,gas-al-gurain,mina-al-ahmadi,fujairah,PROPANE,2024-02-29,2024-03-02,2,590,14.4,47040,132.6,synthetic
V-2024-00448,shegardiah,mina-al-ahmadi,fujairah,GASOIL,2024-03-01,2024-03-03,2,590,14.2,45825,171.5,synthetic
V-2024-00449,gas-al-negeh,mina-al-ahmadi,sikka,PROPANE,2024-03-04,2024-03-07,3,1150,15.2,50228,104.9,synthetic
V-2024-00450,al-derwazah,mina-al-ahmadi,ningbo-zhoushan,KEC,2024-03-05,2024-03-22,17,5900,14.2,294188,41.4,synthetic
V-2024-00451,gas-al-mutlaa,mina-al-ahmadi,fujairah,BUTANE,2024-03-05,2024-03-07,2,590,12.6,46769,125.8,synthetic
V-2024-00452,bneider,shuaiba,sikka,JETA1,2024-03-07,2024-03-10,3,1150,14.0,106735,84.0,synthetic
V-2024-00453,gas-al-mubarakiah,mina-al-ahmadi,chiba,BUTANE,2024-03-09,2024-03-29,20,6700,14.2,49203,99.4,synthetic
V-2024-00454,al-yamamah,mina-al-zour,sikka,JETA1,2024-03-10,2024-03-13,3,1150,14.4,45740,150.3,synthetic
V-2024-00455,bubyan,mina-abdullah,singapore,GASOIL,2024-03-11,2024-03-22,11,3900,14.3,43621,139.7,synthetic
V-2024-00456,gas-al-gurain,mina-al-ahmadi,mombasa,PROPANE,2024-03-11,2024-03-20,9,2700,13.1,44851,128.9,synthetic
V-2024-00457,shegardiah,mina-al-zour,fujairah,GASOLINE,2024-03-11,2024-03-13,2,590,15.1,45636,156.9,synthetic
V-2024-00458,al-dasma,mina-al-zour,singapore,GASOLINE,2024-03-12,2024-03-26,14,3900,12.0,101233,77.5,synthetic
V-2024-00459,burgan,mina-al-ahmadi,mombasa,JETA1,2024-03-12,2024-03-21,9,2700,12.1,42795,254.9,synthetic
V-2024-00460,al-kout,mina-al-ahmadi,ulsan,KEC,2024-03-13,2024-04-01,19,6300,13.9,290885,60.7,synthetic
V-2024-00461,gas-al-mutlaa,mina-al-ahmadi,karachi,PROPANE,2024-03-14,2024-03-17,3,1050,13.7,48105,151.8,synthetic
V-2024-00462,gas-al-negeh,mina-al-ahmadi,jnpt-mumbai,PROPANE,2024-03-15,2024-03-19,4,1450,13.9,50877,118.5,synthetic
V-2024-00463,kaifan,mina-al-ahmadi,karachi,FUELOIL,2024-03-15,2024-03-19,4,1050,12.2,43393,218.4,synthetic
V-2024-00464,gas-al-kuwait-ii,mina-al-ahmadi,jnpt-mumbai,BUTANE,2024-03-16,2024-03-20,4,1450,13.5,49718,87.5,synthetic
V-2024-00465,kazimah-iii,mina-al-zour,houston,EOCENE,2024-03-18,2024-04-23,36,11500,13.3,296282,84.7,synthetic
V-2024-00466,al-riqqa,mina-al-ahmadi,ningbo-zhoushan,KEC,2024-03-19,2024-04-05,17,5900,14.3,296572,69.8,synthetic
V-2024-00467,al-yamamah,mina-al-ahmadi,jnpt-mumbai,GASOIL,2024-03-21,2024-03-26,5,1450,12.4,46294,215.8,synthetic
V-2024-00468,bneider,shuaiba,jnpt-mumbai,NAPHTHA,2024-03-21,2024-03-25,4,1450,14.4,103837,172.2,synthetic
V-2024-00469,dar-salwa,mina-al-ahmadi,ningbo-zhoushan,KHAFJI,2024-03-21,2024-04-07,17,5900,14.4,298120,75.5,synthetic
V-2024-00470,shegardiah,shuaiba,sikka,GASOLINE,2024-03-21,2024-03-25,4,1150,12.4,46066,129.3,synthetic
V-2024-00471,umm-al-aish,mina-al-ahmadi,yeosu,KHAFJI,2024-03-23,2024-04-11,19,6200,13.9,302405,80.6,synthetic
V-2024-00472,gas-umm-al-rowaisat,mina-al-ahmadi,ningbo-zhoushan,BUTANE,2024-03-26,2024-04-12,17,5900,14.8,52475,133.7,synthetic
V-2024-00473,al-shegaya,mina-al-ahmadi,ningbo-zhoushan,KEC,2024-03-27,2024-04-15,19,5900,12.7,279009,69.7,synthetic
V-2024-00474,al-yarmouk,mina-al-ahmadi,ningbo-zhoushan,KEC,2024-03-27,2024-04-14,18,5900,13.3,306631,42.5,synthetic
V-2024-00475,gas-al-mutlaa,mina-al-ahmadi,sikka,PROPANE,2024-03-27,2024-03-31,4,1150,12.7,45005,124.6,synthetic
V-2024-00476,mutriba,mina-al-ahmadi,fujairah,GASOIL,2024-03-27,2024-03-29,2,590,13.8,44221,234.4,synthetic
V-2024-00477,bahra,mina-al-zour,sikka,NAPHTHA,2024-03-29,2024-04-01,3,1150,15.2,105210,162.8,synthetic
V-2024-00478,gas-al-negeh,mina-al-ahmadi,chiba,PROPANE,2024-03-29,2024-04-18,20,6700,13.7,52285,60.5,synthetic
V-2024-00479,al-siddeeq,mina-al-ahmadi,kawasaki,KHAFJI,2024-03-30,2024-04-21,22,6700,12.8,296989,58.1,synthetic
V-2024-00480,gas-al-kuwait-ii,mina-al-ahmadi,jnpt-mumbai,PROPANE,2024-03-30,2024-04-04,5,1450,13.0,48941,132.7,synthetic
V-2024-00481,kaifan,mina-al-ahmadi,sikka,FUELOIL,2024-03-31,2024-04-04,4,1150,13.5,44812,204.4,synthetic
V-2024-00482,wafrah,shuaiba,ain-sokhna,JETA1,2024-04-02,2024-04-13,11,3400,12.8,104670,106.4,synthetic
V-2024-00483,al-salmi,mina-al-zour,ningbo-zhoushan,KSLC,2024-04-03,2024-04-21,18,5900,13.3,305742,55.7,synthetic
V-2024-00484,gas-al-gurain,mina-al-ahmadi,karachi,PROPANE,2024-04-03,2024-04-06,3,1050,12.8,46954,97.4,synthetic
V-2024-00485,shegardiah,mina-abdullah,mombasa,NAPHTHA,2024-04-03,2024-04-11,8,2700,14.1,46236,178.2,synthetic
V-2024-00486,al-yamamah,mina-al-ahmadi,karachi,GASOIL,2024-04-04,2024-04-08,4,1050,11.8,45653,253.9,synthetic
V-2024-00487,mutriba,mina-al-zour,fujairah,FUELOIL,2024-04-04,2024-04-06,2,590,13.1,42337,163.0,synthetic
V-2024-00488,bneider,shuaiba,sikka,JETA1,2024-04-06,2024-04-10,4,1150,12.7,106844,147.3,synthetic
V-2024-00489,burgan,mina-al-ahmadi,durban,NAPHTHA,2024-04-06,2024-04-19,13,4600,14.3,44355,121.5,synthetic
V-2024-00490,gas-al-ahmadiah,mina-al-ahmadi,jnpt-mumbai,PROPANE,2024-04-06,2024-04-11,5,1450,12.6,49454,108.6,synthetic
V-2024-00491,al-jabriyah-ii,mina-al-zour,sikka,KEC,2024-04-07,2024-04-11,4,1150,13.1,303639,64.0,synthetic
V-2024-00492,al-salheia,mina-al-ahmadi,chiba,KEC,2024-04-08,2024-05-01,23,6700,11.9,283567,55.2,synthetic
V-2024-00493,gas-al-mutlaa,mina-al-ahmadi,karachi,PROPANE,2024-04-09,2024-04-12,3,1050,12.9,45033,92.3,synthetic
V-2024-00494,bubyan,mina-abdullah,fujairah,GASOLINE,2024-04-10,2024-04-12,2,590,12.4,43445,234.3,synthetic
V-2024-00495,al-dasma,mina-al-ahmadi,augusta,GASOLINE,2024-04-11,2024-04-25,14,4100,12.5,105839,117.0,synthetic
V-2024-00496,bahra,mina-al-ahmadi,qingdao,JETA1,2024-04-11,2024-05-01,20,6200,13.2,106795,78.3,synthetic
V-2024-00497,al-funtas,mina-al-ahmadi,qingdao,KEC,2024-04-13,2024-05-05,22,6200,11.9,306786,61.7,synthetic
V-2024-00498,kaifan,mina-abdullah,singapore,FUELOIL,2024-04-13,2024-04-25,12,3900,13.8,42581,127.2,synthetic
V-2024-00499,mutriba,mina-al-zour,jnpt-mumbai,JETA1,2024-04-13,2024-04-17,4,1450,14.7,43873,122.3,synthetic
V-2024-00500,gas-al-kuwait-ii,mina-al-ahmadi,chiba,PROPANE,2024-04-16,2024-05-07,21,6700,13.2,49783,65.0,synthetic
V-2024-00501,al-derwazah,mina-al-zour,ningbo-zhoushan,KHAFJI,2024-04-17,2024-05-06,19,5900,12.9,306543,55.7,synthetic
V-2024-00502,gas-al-gurain,mina-al-ahmadi,mombasa,PROPANE,2024-04-17,2024-04-25,8,2700,13.5,44885,71.9,synthetic
V-2024-00503,al-yamamah,mina-al-ahmadi,karachi,GASOIL,2024-04-19,2024-04-23,4,1050,12.3,43977,187.8,synthetic
V-2024-00504,bneider,mina-abdullah,sikka,FUELOIL,2024-04-19,2024-04-22,3,1150,14.6,106785,126.2,synthetic
V-2024-00505,al-jabriyah-ii,mina-al-ahmadi,qingdao,KEC,2024-04-20,2024-05-07,17,6200,15.2,286301,79.1,synthetic
V-2024-00506,bubyan,mina-abdullah,sikka,GASOIL,2024-04-22,2024-04-26,4,1150,12.2,42975,244.3,synthetic
V-2024-00507,gas-al-ahmadiah,mina-al-ahmadi,chiba,PROPANE,2024-04-22,2024-05-15,23,6700,12.1,51367,70.8,synthetic
V-2024-00508,gas-al-mutlaa,mina-al-ahmadi,jnpt-mumbai,BUTANE,2024-04-22,2024-04-27,5,1450,12.1,45739,123.5,synthetic
V-2024-00509,gas-al-mubarakiah,mina-al-ahmadi,sikka,BUTANE,2024-04-26,2024-04-29,3,1150,13.7,51275,79.8,synthetic
V-2024-00510,mutriba,mina-abdullah,mombasa,FUELOIL,2024-04-26,2024-05-04,8,2700,15.0,41900,162.7,synthetic
V-2024-00511,shegardiah,mina-al-zour,colombo,GASOLINE,2024-04-26,2024-05-03,7,2250,13.8,45784,214.7,synthetic
V-2024-00512,dar-salwa,mina-al-ahmadi,chiba,KEC,2024-04-27,2024-05-15,18,6700,15.1,300985,42.3,synthetic
V-2024-00513,al-riqqa,mina-al-ahmadi,ningbo-zhoushan,KEC,2024-04-28,2024-05-16,18,5900,13.4,304671,81.6,synthetic
V-2024-00514,al-kout,mina-al-ahmadi,sikka,KEC,2024-04-29,2024-05-03,4,1150,12.0,306513,59.4,synthetic
V-2024-00515,bneider,mina-abdullah,sikka,NAPHTHA,2024-04-29,2024-05-03,4,1150,12.0,104176,152.4,synthetic
V-2024-00516,wafrah,mina-abdullah,ain-sokhna,NAPHTHA,2024-04-30,2024-05-11,11,3400,12.5,106359,139.6,synthetic
V-2024-00517,al-yamamah,mina-al-zour,fujairah,JETA1,2024-05-02,2024-05-04,2,590,14.6,44786,163.6,synthetic
V-2024-00518,bubyan,mina-al-zour,fujairah,NAPHTHA,2024-05-05,2024-05-07,2,590,13.6,43339,233.2,synthetic
V-2024-00519,gas-al-mutlaa,mina-al-ahmadi,jnpt-mumbai,PROPANE,2024-05-06,2024-05-11,5,1450,12.7,46004,124.7,synthetic
V-2024-00520,gas-al-mubarakiah,mina-al-ahmadi,ulsan,BUTANE,2024-05-07,2024-05-26,19,6300,13.6,51549,62.3,synthetic
V-2024-00521,gas-al-gurain,mina-al-ahmadi,sikka,PROPANE,2024-05-08,2024-05-11,3,1150,15.2,44413,95.0,synthetic
V-2024-00522,gas-umm-al-rowaisat,mina-al-ahmadi,chiba,PROPANE,2024-05-08,2024-05-28,20,6700,14.1,51993,117.2,synthetic
V-2024-00523,umm-al-aish,mina-al-ahmadi,ningbo-zhoushan,KEC,2024-05-08,2024-05-27,19,5900,12.8,289215,43.6,synthetic
V-2024-00524,al-shegaya,mina-al-ahmadi,ningbo-zhoushan,KEC,2024-05-09,2024-05-28,19,5900,13.2,284077,46.0,synthetic
V-2024-00525,al-yamamah,shuaiba,fujairah,GASOIL,2024-05-10,2024-05-12,2,590,13.1,46556,130.5,synthetic
V-2024-00526,al-yarmouk,mina-al-ahmadi,ningbo-zhoushan,KEC,2024-05-10,2024-05-28,18,5900,13.9,295903,53.9,synthetic
V-2024-00527,burgan,mina-al-ahmadi,colombo,GASOIL,2024-05-11,2024-05-18,7,2250,13.2,43236,242.2,synthetic
V-2024-00528,al-kout,mina-al-ahmadi,augusta,KHAFJI,2024-05-12,2024-05-25,13,4100,13.2,293544,65.6,synthetic
V-2024-00529,bneider,mina-al-zour,singapore,GASOIL,2024-05-12,2024-05-24,12,3900,13.6,100193,148.7,synthetic
V-2024-00530,al-salmi,mina-al-ahmadi,chiba,KEC,2024-05-13,2024-06-02,20,6700,14.3,308452,62.6,synthetic
V-2024-00531,gas-al-negeh,mina-al-ahmadi,ningbo-zhoushan,BUTANE,2024-05-13,2024-05-29,16,5900,15.1,49960,107.8,synthetic
V-2024-00532,bubyan,mina-al-zour,fujairah,NAPHTHA,2024-05-15,2024-05-17,2,590,12.9,44318,120.6,synthetic
V-2024-00533,al-siddeeq,mina-al-ahmadi,chiba,KEC,2024-05-16,2024-06-05,20,6700,13.8,297607,62.1,synthetic
V-2024-00534,kaifan,mina-al-ahmadi,durban,GASOIL,2024-05-16,2024-05-31,15,4600,12.5,43210,206.7,synthetic
V-2024-00535,al-dasma,mina-al-ahmadi,singapore,GASOLINE,2024-05-17,2024-05-30,13,3900,12.3,104337,160.5,synthetic
V-2024-00536,mutriba,mina-abdullah,colombo,GASOIL,2024-05-18,2024-05-25,7,2250,13.9,44369,201.9,synthetic
V-2024-00537,shegardiah,mina-al-zour,jnpt-mumbai,NAPHTHA,2024-05-18,2024-05-23,5,1450,12.8,44540,222.1,synthetic
V-2024-00538,al-yamamah,mina-abdullah,fujairah,NAPHTHA,2024-05-22,2024-05-24,2,590,12.1,44917,166.9,synthetic
V-2024-00539,bahra,mina-abdullah,fujairah,NAPHTHA,2024-05-22,2024-05-24,2,590,13.8,102384,153.0,synthetic
V-2024-00540,gas-al-gurain,mina-al-ahmadi,karachi,PROPANE,2024-05-22,2024-05-25,3,1050,15.1,44945,134.5,synthetic
V-2024-00541,gas-al-mutlaa,mina-al-ahmadi,colombo,PROPANE,2024-05-23,2024-05-30,7,2250,13.2,45536,67.3,synthetic
V-2024-00542,bubyan,mina-abdullah,karachi,NAPHTHA,2024-05-25,2024-05-28,3,1050,13.4,44201,126.3,synthetic
V-2024-00543,al-derwazah,mina-al-ahmadi,yeosu,KEC,2024-05-27,2024-06-13,17,6200,14.9,293066,78.2,synthetic
V-2024-00544,wafrah,mina-al-zour,singapore,NAPHTHA,2024-05-27,2024-06-09,13,3900,12.5,108647,80.8,synthetic
V-2024-00545,al-salheia,mina-al-ahmadi,ain-sokhna,KHAFJI,2024-05-28,2024-06-08,11,3400,12.8,281757,52.6,synthetic
V-2024-00546,al-funtas,mina-al-ahmadi,ningbo-zhoushan,KEC,2024-05-30,2024-06-16,17,5900,14.7,294196,69.0,synthetic
V-2024-00547,bahra,mina-abdullah,ulsan,FUELOIL,2024-05-30,2024-06-21,22,6300,12.2,104978,150.7,synthetic
V-2024-00548,burgan,mina-abdullah,sikka,GASOIL,2024-05-30,2024-06-02,3,1150,14.1,43905,117.5,synthetic
V-2024-00549,al-jabriyah-ii,mina-al-ahmadi,ulsan,KEC,2024-06-01,2024-06-21,20,6300,13.3,303171,43.6,synthetic
V-2024-00550,al-yamamah,mina-al-ahmadi,colombo,FUELOIL,2024-06-03,2024-06-10,7,2250,13.0,46529,144.1,synthetic
V-2024-00551,gas-al-kuwait-ii,mina-al-ahmadi,colombo,BUTANE,2024-06-03,2024-06-10,7,2250,13.8,49995,88.5,synthetic
V-2024-00552,gas-al-gurain,mina-al-ahmadi,colombo,PROPANE,2024-06-04,2024-06-11,7,2250,14.3,44554,76.7,synthetic
V-2024-00553,shegardiah,mina-al-ahmadi,karachi,NAPHTHA,2024-06-04,2024-06-07,3,1050,13.1,46710,172.9,synthetic
V-2024-00554,bubyan,mina-abdullah,ain-sokhna,JETA1,2024-06-06,2024-06-18,12,3400,11.8,43462,212.5,synthetic
V-2024-00555,kazimah-iii,mina-al-ahmadi,qingdao,KEC,2024-06-07,2024-06-27,20,6200,13.0,290959,59.9,synthetic
V-2024-00556,mutriba,mina-al-zour,fujairah,GASOLINE,2024-06-07,2024-06-09,2,590,12.7,43516,159.4,synthetic
V-2024-00557,burgan,mina-abdullah,mombasa,JETA1,2024-06-10,2024-06-17,7,2700,15.1,43248,119.6,synthetic
V-2024-00558,bneider,mina-al-zour,augusta,NAPHTHA,2024-06-11,2024-06-25,14,4100,12.6,100746,144.3,synthetic
V-2024-00559,al-riqqa,mina-al-ahmadi,ulsan,KEC,2024-06-12,2024-07-04,22,6300,11.9,308790,66.9,synthetic
V-2024-00560,al-kout,mina-al-ahmadi,ain-sokhna,KEC,2024-06-13,2024-06-25,12,3400,12.3,301301,69.9,synthetic
V-2024-00561,dar-salwa,mina-al-ahmadi,ningbo-zhoushan,KHAFJI,2024-06-13,2024-07-01,18,5900,13.3,300790,77.8,synthetic
V-2024-00562,gas-al-mutlaa,mina-al-ahmadi,mombasa,BUTANE,2024-06-13,2024-06-22,9,2700,12.4,46510,108.2,synthetic
V-2024-00563,gas-al-ahmadiah,mina-al-ahmadi,yeosu,BUTANE,2024-06-15,2024-07-07,22,6200,12.0,49426,106.9,synthetic
V-2024-00564,shegardiah,mina-al-ahmadi,jnpt-mumbai,NAPHTHA,2024-06-17,2024-06-21,4,1450,14.3,46915,177.2,synthetic
V-2024-00565,mutriba,mina-al-zour,fujairah,FUELOIL,2024-06-18,2024-06-20,2,590,12.5,41975,252.0,synthetic
V-2024-00566,al-dasma,mina-al-ahmadi,augusta,NAPHTHA,2024-06-19,2024-07-01,12,4100,14.5,106418,119.1,synthetic
V-2024-00567,kaifan,mina-al-zour,singapore,GASOIL,2024-06-20,2024-07-02,12,3900,14.0,41859,122.9,synthetic
V-2024-00568,umm-al-aish,mina-al-ahmadi,ulsan,KHAFJI,2024-06-20,2024-07-10,20,6300,12.9,302940,42.2,synthetic
V-2024-00569,gas-al-negeh,mina-al-ahmadi,qingdao,PROPANE,2024-06-21,2024-07-09,18,6200,14.1,51602,75.8,synthetic
V-2024-00570,gas-umm-al-rowaisat,mina-al-ahmadi,ningbo-zhoushan,BUTANE,2024-06-21,2024-07-09,18,5900,14.0,52463,100.8,synthetic
V-2024-00571,al-shegaya,mina-al-ahmadi,ulsan,KEC,2024-06-22,2024-07-11,19,6300,13.7,288051,67.3,synthetic
V-2024-00572,al-yarmouk,mina-al-ahmadi,qingdao,KEC,2024-06-22,2024-07-10,18,6200,14.1,289442,43.6,synthetic
V-2024-00573,al-yamamah,mina-al-zour,karachi,JETA1,2024-06-23,2024-06-26,3,1050,14.0,45810,152.3,synthetic
V-2024-00574,gas-al-gurain,mina-al-ahmadi,karachi,PROPANE,2024-06-24,2024-06-27,3,1050,12.6,46209,127.4,synthetic
V-2024-00575,gas-al-kuwait-ii,mina-al-ahmadi,sikka,PROPANE,2024-06-24,2024-06-27,3,1150,14.3,48953,132.8,synthetic
V-2024-00576,gas-al-mubarakiah,mina-al-ahmadi,sikka,PROPANE,2024-06-24,2024-06-28,4,1150,13.4,51522,106.8,synthetic
V-2024-00577,al-salheia,mina-al-zour,ningbo-zhoushan,KHAFJI,2024-06-25,2024-07-12,17,5900,14.3,275914,51.7,synthetic
V-2024-00578,mutriba,mina-al-ahmadi,singapore,JETA1,2024-06-29,2024-07-11,12,3900,14.0,42204,213.7,synthetic
V-2024-00579,wafrah,shuaiba,singapore,GASOLINE,2024-06-29,2024-07-12,13,3900,12.9,106039,102.2,synthetic
V-2024-00580,al-salmi,mina-al-ahmadi,qingdao,KEC,2024-06-30,2024-07-19,19,6200,13.4,288233,74.4,synthetic
V-2024-00581,burgan,mina-al-ahmadi,karachi,JETA1,2024-07-03,2024-07-06,3,1050,13.2,42176,188.4,synthetic
V-2024-00582,al-siddeeq,mina-al-ahmadi,ulsan,KEC,2024-07-04,2024-07-26,22,6300,12.2,293396,64.7,synthetic
V-2024-00583,al-yamamah,mina-al-ahmadi,durban,GASOLINE,2024-07-05,2024-07-21,16,4600,12.1,45590,239.0,synthetic
V-2024-00584,bubyan,mina-abdullah,jnpt-mumbai,GASOIL,2024-07-05,2024-07-10,5,1450,12.8,42536,189.2,synthetic
V-2024-00585,shegardiah,mina-al-zour,fujairah,GASOIL,2024-07-05,2024-07-07,2,590,12.4,44767,263.2,synthetic
V-2024-00586,al-derwazah,mina-al-ahmadi,chiba,KEC,2024-07-07,2024-07-29,22,6700,12.6,295891,44.8,synthetic
V-2024-00587,gas-al-gurain,mina-al-ahmadi,karachi,BUTANE,2024-07-07,2024-07-10,3,1050,14.9,46286,132.0,synthetic
V-2024-00588,gas-al-kuwait-ii,mina-al-ahmadi,sikka,BUTANE,2024-07-07,2024-07-11,4,1150,12.4,50036,123.2,synthetic
V-2024-00589,gas-al-mutlaa,mina-al-ahmadi,karachi,PROPANE,2024-07-08,2024-07-11,3,1050,14.0,44983,118.9,synthetic
V-2024-00590,gas-al-mubarakiah,mina-al-ahmadi,chiba,BUTANE,2024-07-09,2024-07-31,22,6700,12.9,49277,97.7,synthetic
V-2024-00591,al-kout,mina-al-zour,trieste,KEC,2024-07-11,2024-07-24,13,4500,14.4,300841,64.2,synthetic
V-2024-00592,al-funtas,mina-al-ahmadi,rotterdam,KEC,2024-07-13,2024-08-04,22,6400,12.2,299577,45.4,synthetic
V-2024-00593,bahra,mina-al-ahmadi,sikka,GASOLINE,2024-07-14,2024-07-17,3,1150,14.2,100717,141.1,synthetic
V-2024-00594,bneider,mina-al-ahmadi,qingdao,FUELOIL,2024-07-14,2024-08-01,18,6200,14.6,105930,157.1,synthetic
V-2024-00595,burgan,mina-abdullah,jnpt-mumbai,FUELOIL,2024-07-14,2024-07-18,4,1450,14.7,43451,198.8,synthetic
V-2024-00596,shegardiah,mina-abdullah,mombasa,NAPHTHA,2024-07-15,2024-07-24,9,2700,13.0,44150,180.9,synthetic
V-2024-00597,al-jabriyah-ii,mina-al-ahmadi,ulsan,KEC,2024-07-16,2024-08-03,18,6300,14.9,305675,82.6,synthetic
V-2024-00598,gas-al-gurain,mina-al-ahmadi,sikka,BUTANE,2024-07-17,2024-07-21,4,1150,12.6,46323,150.6,synthetic
V-2024-00599,al-dasma,shuaiba,jnpt-mumbai,GASOIL,2024-07-19,2024-07-24,5,1450,12.4,102559,87.2,synthetic
V-2024-00600,bubyan,mina-al-ahmadi,colombo,NAPHTHA,2024-07-19,2024-07-25,6,2250,14.6,44789,232.0,synthetic
V-2024-00601,gas-al-kuwait-ii,mina-al-ahmadi,ningbo-zhoushan,PROPANE,2024-07-20,2024-08-07,18,5900,13.8,50871,135.5,synthetic
V-2024-00602,gas-al-mutlaa,mina-al-ahmadi,colombo,BUTANE,2024-07-21,2024-07-28,7,2250,12.8,46457,87.1,synthetic
V-2024-00603,kaifan,mina-al-ahmadi,sikka,GASOLINE,2024-07-21,2024-07-25,4,1150,12.5,41897,208.5,synthetic
V-2024-00604,kazimah-iii,mina-al-ahmadi,sikka,KEC,2024-07-21,2024-07-24,3,1150,14.5,286006,62.9,synthetic
V-2024-00605,bahra,mina-al-ahmadi,trieste,GASOIL,2024-07-25,2024-08-07,13,4500,14.5,101969,98.8,synthetic
V-2024-00606,dar-salwa,mina-al-ahmadi,sikka,KEC,2024-07-26,2024-07-29,3,1150,13.9,288391,70.6,synthetic
V-2024-00607,burgan,mina-abdullah,fujairah,FUELOIL,2024-07-28,2024-07-30,2,590,13.1,44299,192.8,synthetic
V-2024-00608,al-riqqa,mina-al-ahmadi,qingdao,EOCENE,2024-07-29,2024-08-19,21,6200,12.5,302707,46.8,synthetic
V-2024-00609,mutriba,mina-al-ahmadi,fujairah,GASOLINE,2024-07-29,2024-07-31,2,590,15.2,42244,125.2,synthetic
V-2024-00610,wafrah,mina-al-ahmadi,sikka,JETA1,2024-07-29,2024-08-02,4,1150,13.6,106723,140.1,synthetic
V-2024-00611,gas-al-ahmadiah,mina-al-ahmadi,ningbo-zhoushan,BUTANE,2024-07-31,2024-08-20,20,5900,12.5,50553,107.9,synthetic
V-2024-00612,gas-al-gurain,mina-al-ahmadi,jnpt-mumbai,BUTANE,2024-07-31,2024-08-05,5,1450,12.0,44736,76.2,synthetic
V-2024-00613,kaifan,mina-al-ahmadi,sikka,GASOLINE,2024-08-02,2024-08-06,4,1150,13.2,44581,259.3,synthetic
V-2024-00614,kazimah-iii,mina-al-ahmadi,ningbo-zhoushan,KEC,2024-08-02,2024-08-19,17,5900,14.3,298724,69.7,synthetic
V-2024-00615,gas-al-negeh,mina-al-ahmadi,ningbo-zhoushan,PROPANE,2024-08-03,2024-08-19,16,5900,15.1,51546,114.3,synthetic
V-2024-00616,gas-umm-al-rowaisat,mina-al-ahmadi,sikka,BUTANE,2024-08-03,2024-08-07,4,1150,13.4,52435,105.2,synthetic
V-2024-00617,al-salheia,mina-al-ahmadi,ulsan,KHAFJI,2024-08-04,2024-08-22,18,6300,14.3,272205,85.9,synthetic
V-2024-00618,al-shegaya,mina-al-ahmadi,chiba,KEC,2024-08-05,2024-08-24,19,6700,15.0,276177,51.8,synthetic
V-2024-00619,al-yarmouk,mina-al-zour,ulsan,KEC,2024-08-05,2024-08-23,18,6300,14.2,290928,86.9,synthetic
V-2024-00620,umm-al-aish,mina-al-ahmadi,sikka,KEC,2024-08-05,2024-08-09,4,1150,12.8,295613,54.5,synthetic
V-2024-00621,al-dasma,mina-al-zour,ain-sokhna,GASOIL,2024-08-06,2024-08-16,10,3400,14.0,106235,82.2,synthetic
V-2024-00622,bubyan,shuaiba,jnpt-mumbai,NAPHTHA,2024-08-06,2024-08-10,4,1450,14.8,44895,138.3,synthetic
V-2024-00623,shegardiah,mina-al-ahmadi,fujairah,GASOIL,2024-08-06,2024-08-08,2,590,13.1,45866,147.3,synthetic
V-2024-00624,burgan,mina-al-ahmadi,jnpt-mumbai,NAPHTHA,2024-08-07,2024-08-12,5,1450,11.9,43665,207.3,synthetic
V-2024-00625,mutriba,mina-al-ahmadi,fujairah,NAPHTHA,2024-08-09,2024-08-11,2,590,12.4,43684,127.6,synthetic
V-2024-00626,al-kout,mina-al-ahmadi,chiba,KHAFJI,2024-08-10,2024-09-01,22,6700,12.5,296293,51.6,synthetic
V-2024-00627,dar-salwa,mina-al-ahmadi,ningbo-zhoushan,KEC,2024-08-10,2024-08-27,17,5900,14.1,288238,42.5,synthetic
V-2024-00628,gas-al-mutlaa,mina-al-ahmadi,karachi,PROPANE,2024-08-10,2024-08-13,3,1050,14.5,45900,139.9,synthetic
V-2024-00629,al-yamamah,mina-abdullah,fujairah,GASOLINE,2024-08-11,2024-08-13,2,590,12.0,44239,181.4,synthetic
V-2024-00630,wafrah,shuaiba,ain-sokhna,GASOIL,2024-08-11,2024-08-22,11,3400,13.3,107517,109.3,synthetic
V-2024-00631,al-salmi,mina-al-ahmadi,ningbo-zhoushan,EOCENE,2024-08-12,2024-08-30,18,5900,13.6,288949,48.5,synthetic
V-2024-00632,gas-al-gurain,mina-al-ahmadi,mombasa,BUTANE,2024-08-15,2024-08-23,8,2700,14.0,45002,92.2,synthetic
V-2024-00633,gas-umm-al-rowaisat,mina-al-ahmadi,sikka,BUTANE,2024-08-15,2024-08-19,4,1150,12.4,51219,126.3,synthetic
V-2024-00634,kaifan,mina-abdullah,karachi,JETA1,2024-08-16,2024-08-19,3,1050,14.3,41746,241.8,synthetic
V-2024-00635,shegardiah,mina-al-ahmadi,karachi,JETA1,2024-08-16,2024-08-19,3,1050,13.2,45625,190.6,synthetic
V-2024-00636,al-siddeeq,mina-al-zour,ulsan,KEC,2024-08-17,2024-09-08,22,6300,11.9,294800,58.2,synthetic
V-2024-00637,mutriba,mina-al-zour,fujairah,GASOIL,2024-08-17,2024-08-19,2,590,13.2,44164,119.7,synthetic
V-2024-00638,umm-al-aish,mina-al-ahmadi,ningbo-zhoushan,KEC,2024-08-17,2024-09-06,20,5900,12.4,298001,43.8,synthetic
V-2024-00639,al-derwazah,mina-al-ahmadi,augusta,KHAFJI,2024-08-22,2024-09-03,12,4100,14.8,300679,74.6,synthetic
V-2024-00640,bubyan,mina-al-ahmadi,durban,JETA1,2024-08-22,2024-09-07,16,4600,12.2,41753,174.7,synthetic
V-2024-00641,al-yamamah,mina-abdullah,fujairah,NAPHTHA,2024-08-24,2024-08-26,2,590,12.6,44060,178.5,synthetic
V-2024-00642,bahra,mina-al-zour,ain-sokhna,GASOIL,2024-08-24,2024-09-03,10,3400,14.0,99755,139.8,synthetic
V-2024-00643,burgan,shuaiba,colombo,FUELOIL,2024-08-24,2024-08-31,7,2250,14.2,44911,235.4,synthetic
V-2024-00644,gas-al-mutlaa,mina-al-ahmadi,sikka,BUTANE,2024-08-25,2024-08-28,3,1150,15.0,48155,69.7,synthetic
V-2024-00645,bneider,mina-al-ahmadi,durban,GASOLINE,2024-08-26,2024-09-11,16,4600,12.0,103054,96.0,synthetic
V-2024-00646,gas-al-mubarakiah,mina-al-ahmadi,yeosu,PROPANE,2024-08-27,2024-09-16,20,6200,12.9,51018,67.3,synthetic
V-2024-00647,al-funtas,mina-al-ahmadi,ningbo-zhoushan,KSLC,2024-08-28,2024-09-14,17,5900,14.5,297199,42.3,synthetic
V-2024-00648,mutriba,mina-abdullah,karachi,FUELOIL,2024-08-28,2024-08-31,3,1050,13.5,44330,196.9,synthetic
V-2024-00649,gas-umm-al-rowaisat,mina-al-ahmadi,yeosu,BUTANE,2024-08-29,2024-09-17,19,6200,13.7,50659,109.0,synthetic
V-2024-00650,al-jabriyah-ii,mina-al-ahmadi,yeosu,KEC,2024-08-30,2024-09-16,17,6200,15.2,292557,79.6,synthetic
V-2024-00651,kaifan,mina-al-zour,sikka,GASOIL,2024-08-30,2024-09-02,3,1150,14.1,43002,216.5,synthetic
V-2024-00652,shegardiah,mina-abdullah,fujairah,GASOIL,2024-08-30,2024-09-01,2,590,12.7,45620,143.6,synthetic
V-2024-00653,al-dasma,mina-al-ahmadi,qingdao,GASOIL,2024-08-31,2024-09-20,20,6200,12.9,103478,129.9,synthetic
V-2024-00654,gas-al-kuwait-ii,mina-al-ahmadi,jnpt-mumbai,PROPANE,2024-09-01,2024-09-06,5,1450,11.9,49212,63.8,synthetic
V-2024-00655,al-yamamah,mina-abdullah,durban,JETA1,2024-09-03,2024-09-18,15,4600,13.1,45057,219.7,synthetic
V-2024-00656,gas-al-gurain,mina-al-ahmadi,sikka,PROPANE,2024-09-06,2024-09-10,4,1150,12.5,45681,67.5,synthetic
V-2024-00657,gas-al-mutlaa,mina-al-ahmadi,jnpt-mumbai,BUTANE,2024-09-09,2024-09-14,5,1450,11.8,47442,113.6,synthetic
V-2024-00658,wafrah,mina-al-zour,ain-sokhna,JETA1,2024-09-09,2024-09-20,11,3400,13.4,103681,137.5,synthetic
V-2024-00659,mutriba,mina-abdullah,colombo,JETA1,2024-09-10,2024-09-17,7,2250,13.6,43906,151.8,synthetic
V-2024-00660,kazimah-iii,mina-al-ahmadi,chiba,KHAFJI,2024-09-11,2024-10-02,21,6700,13.5,292915,43.0,synthetic
V-2024-00661,shegardiah,mina-al-zour,fujairah,GASOIL,2024-09-11,2024-09-13,2,590,14.6,45999,146.3,synthetic
V-2024-00662,gas-al-negeh,mina-al-ahmadi,jnpt-mumbai,BUTANE,2024-09-13,2024-09-18,5,1450,13.3,50584,102.1,synthetic
V-2024-00663,kaifan,shuaiba,fujairah,GASOIL,2024-09-13,2024-09-15,2,590,14.9,43357,181.2,synthetic
V-2024-00664,al-riqqa,mina-al-ahmadi,ulsan,KSLC,2024-09-14,2024-10-04,20,6300,13.1,296390,38.7,synthetic
V-2024-00665,gas-al-kuwait-ii,mina-al-ahmadi,chiba,PROPANE,2024-09-14,2024-10-07,23,6700,12.4,50174,104.7,synthetic
V-2024-00666,gas-al-ahmadiah,mina-al-ahmadi,qingdao,PROPANE,2024-09-15,2024-10-06,21,6200,12.6,50876,77.2,synthetic
V-2024-00667,bahra,mina-abdullah,ulsan,NAPHTHA,2024-09-16,2024-10-07,21,6300,12.8,101383,108.4,synthetic
V-2024-00668,burgan,mina-al-zour,fujairah,JETA1,2024-09-16,2024-09-18,2,590,13.4,44841,149.5,synthetic
V-2024-00669,al-yarmouk,mina-al-zour,chiba,KEC,2024-09-18,2024-10-11,23,6700,12.2,299308,50.9,synthetic
V-2024-00670,al-salheia,mina-al-ahmadi,rotterdam,KEC,2024-09-19,2024-10-07,18,6400,15.1,281008,57.6,synthetic
V-2024-00671,dar-salwa,mina-al-ahmadi,ningbo-zhoushan,KEC,2024-09-19,2024-10-09,20,5900,12.2,297632,74.4,synthetic
V-2024-00672,gas-al-gurain,mina-al-ahmadi,sikka,BUTANE,2024-09-20,2024-09-24,4,1150,12.4,46144,131.2,synthetic
V-2024-00673,al-salmi,mina-al-ahmadi,yeosu,KEC,2024-09-21,2024-10-12,21,6200,12.4,287860,72.6,synthetic
V-2024-00674,shegardiah,mina-al-ahmadi,karachi,NAPHTHA,2024-09-21,2024-09-24,3,1050,12.6,46414,128.7,synthetic
V-2024-00675,al-derwazah,mina-al-ahmadi,qingdao,KEC,2024-09-22,2024-10-09,17,6200,15.1,291576,58.1,synthetic
V-2024-00676,al-shegaya,mina-al-ahmadi,sikka,KEC,2024-09-22,2024-09-26,4,1150,12.4,289477,60.6,synthetic
V-2024-00677,gas-al-mutlaa,mina-al-ahmadi,sikka,PROPANE,2024-09-23,2024-09-26,3,1150,13.9,44890,79.5,synthetic
V-2024-00678,kaifan,mina-al-ahmadi,sikka,NAPHTHA,2024-09-24,2024-09-27,3,1150,13.8,44652,185.5,synthetic
V-2024-00679,al-kout,mina-al-ahmadi,qingdao,EOCENE,2024-09-28,2024-10-19,21,6200,12.6,303438,48.3,synthetic
V-2024-00680,burgan,mina-abdullah,karachi,GASOLINE,2024-09-28,2024-10-02,4,1050,11.9,44799,141.1,synthetic
V-2024-00681,gas-al-negeh,mina-al-ahmadi,ningbo-zhoushan,PROPANE,2024-09-28,2024-10-15,17,5900,14.2,50296,127.6,synthetic
V-2024-00682,bubyan,shuaiba,jnpt-mumbai,GASOLINE,2024-09-29,2024-10-03,4,1450,15.1,43566,194.9,synthetic
V-2024-00683,umm-al-aish,mina-al-zour,augusta,KEC,2024-09-30,2024-10-14,14,4100,12.1,307965,67.4,synthetic
V-2024-00684,al-siddeeq,mina-al-ahmadi,qingdao,KEC,2024-10-02,2024-10-20,18,6200,14.7,300427,50.3,synthetic
V-2024-00685,mutriba,shuaiba,singapore,GASOLINE,2024-10-02,2024-10-13,11,3900,15.2,44033,262.4,synthetic
V-2024-00686,bneider,mina-abdullah,augusta,GASOLINE,2024-10-03,2024-10-16,13,4100,13.4,104100,111.0,synthetic
V-2024-00687,gas-al-gurain,mina-al-ahmadi,sikka,BUTANE,2024-10-03,2024-10-07,4,1150,12.8,46130,85.2,synthetic
V-2024-00688,gas-al-mutlaa,mina-al-ahmadi,jnpt-mumbai,PROPANE,2024-10-05,2024-10-10,5,1450,11.9,47307,149.3,synthetic
V-2024-00689,shegardiah,shuaiba,durban,NAPHTHA,2024-10-05,2024-10-19,14,4600,13.4,45513,247.3,synthetic
V-2024-00690,al-funtas,mina-al-zour,ningbo-zhoushan,KEC,2024-10-06,2024-10-23,17,5900,14.7,304245,45.2,synthetic
V-2024-00691,al-shegaya,mina-al-ahmadi,chiba,EOCENE,2024-10-06,2024-10-25,19,6700,14.6,278030,76.9,synthetic
V-2024-00692,wafrah,mina-al-ahmadi,sikka,GASOIL,2024-10-06,2024-10-10,4,1150,12.1,107622,80.9,synthetic
V-2024-00693,al-yamamah,shuaiba,mombasa,GASOIL,2024-10-08,2024-10-17,9,2700,12.5,44170,150.2,synthetic
V-2024-00694,kaifan,mina-al-zour,karachi,NAPHTHA,2024-10-10,2024-10-14,4,1050,12.4,44920,240.9,synthetic
V-2024-00695,al-jabriyah-ii,mina-al-ahmadi,chiba,KEC,2024-10-11,2024-11-04,24,6700,11.8,303140,75.2,synthetic
V-2024-00696,burgan,mina-abdullah,singapore,GASOLINE,2024-10-11,2024-10-22,11,3900,14.2,42520,181.5,synthetic
V-2024-00697,al-dasma,mina-abdullah,singapore,GASOIL,2024-10-13,2024-10-24,11,3900,14.5,99814,106.9,synthetic
V-2024-00698,bubyan,mina-abdullah,mombasa,GASOIL,2024-10-13,2024-10-21,8,2700,13.9,42424,166.7,synthetic
V-2024-00699,gas-al-mubarakiah,mina-al-ahmadi,chiba,PROPANE,2024-10-13,2024-11-03,21,6700,13.4,50465,59.9,synthetic
V-2024-00700,gas-umm-al-rowaisat,mina-al-ahmadi,ulsan,PROPANE,2024-10-13,2024-11-01,19,6300,13.5,49405,63.0,synthetic
V-2024-00701,gas-al-gurain,mina-al-ahmadi,karachi,BUTANE,2024-10-16,2024-10-19,3,1050,14.1,46200,126.8,synthetic
V-2024-00702,gas-al-mutlaa,mina-al-ahmadi,jnpt-mumbai,PROPANE,2024-10-19,2024-10-24,5,1450,13.4,46849,144.1,synthetic
V-2024-00703,wafrah,mina-al-zour,singapore,JETA1,2024-10-21,2024-11-02,12,3900,13.4,103462,144.9,synthetic
V-2024-00704,kaifan,mina-al-zour,fujairah,FUELOIL,2024-10-24,2024-10-26,2,590,12.6,42661,228.6,synthetic
V-2024-00705,al-riqqa,mina-al-ahmadi,ningbo-zhoushan,KEC,2024-10-27,2024-11-15,19,5900,12.7,306250,42.6,synthetic
V-2024-00706,kazimah-iii,mina-al-ahmadi,rotterdam,KEC,2024-10-27,2024-11-15,19,6400,13.9,302279,52.0,synthetic
V-2024-00707,mutriba,mina-abdullah,karachi,FUELOIL,2024-10-28,2024-10-31,3,1050,12.6,43735,254.3,synthetic
V-2024-00708,gas-al-gurain,mina-al-ahmadi,sikka,BUTANE,2024-10-30,2024-11-03,4,1150,13.6,44767,88.9,synthetic
V-2024-00709,al-derwazah,mina-al-ahmadi,ningbo-zhoushan,KEC,2024-10-31,2024-11-18,18,5900,13.4,299687,56.5,synthetic
V-2024-00710,bahra,mina-al-ahmadi,fujairah,FUELOIL,2024-10-31,2024-11-02,2,590,11.8,100795,108.4,synthetic
V-2024-00711,gas-al-kuwait-ii,mina-al-ahmadi,qingdao,BUTANE,2024-11-01,2024-11-23,22,6200,12.0,51488,134.4,synthetic
V-2024-00712,umm-al-aish,mina-al-ahmadi,chiba,KHAFJI,2024-11-01,2024-11-21,20,6700,13.9,291021,67.4,synthetic
V-2024-00713,al-yamamah,shuaiba,jnpt-mumbai,JETA1,2024-11-02,2024-11-06,4,1450,13.5,44608,251.0,synthetic
V-2024-00714,dar-salwa,mina-al-ahmadi,ulsan,KEC,2024-11-02,2024-11-23,21,6300,12.8,302950,77.8,synthetic
V-2024-00715,gas-al-ahmadiah,mina-al-ahmadi,ningbo-zhoushan,PROPANE,2024-11-02,2024-11-19,17,5900,14.4,50029,113.3,synthetic
V-2024-00716,gas-al-mutlaa,mina-al-ahmadi,karachi,BUTANE,2024-11-02,2024-11-05,3,1050,14.9,46710,94.8,synthetic
V-2024-00717,kaifan,shuaiba,jnpt-mumbai,GASOIL,2024-11-02,2024-11-06,4,1450,14.6,43267,147.1,synthetic
V-2024-00718,al-salheia,mina-al-ahmadi,ningbo-zhoushan,KEC,2024-11-03,2024-11-21,18,5900,14.0,270772,79.9,synthetic
V-2024-00719,al-yarmouk,mina-al-zour,rotterdam,KEC,2024-11-05,2024-11-23,18,6400,14.6,299035,46.0,synthetic
V-2024-00720,bubyan,mina-al-zour,jnpt-mumbai,GASOLINE,2024-11-05,2024-11-09,4,1450,13.5,42617,178.8,synthetic
V-2024-00721,al-salmi,mina-al-zour,rotterdam,KEC,2024-11-06,2024-11-28,22,6400,12.2,291797,44.2,synthetic
V-2024-00722,bneider,mina-abdullah,durban,GASOLINE,2024-11-06,2024-11-21,15,4600,12.7,106426,173.5,synthetic
V-2024-00723,burgan,mina-abdullah,karachi,GASOIL,2024-11-07,2024-11-10,3,1050,14.7,43858,236.6,synthetic
V-2024-00724,gas-al-negeh,mina-al-ahmadi,chiba,BUTANE,2024-11-08,2024-12-01,23,6700,12.4,51098,100.2,synthetic
V-2024-00725,bahra,mina-abdullah,sikka,FUELOIL,2024-11-09,2024-11-13,4,1150,12.5,107259,165.6,synthetic
V-2024-00726,mutriba,mina-al-zour,fujairah,FUELOIL,2024-11-09,2024-11-11,2,590,12.7,43096,171.0,synthetic
V-2024-00727,shegardiah,mina-abdullah,karachi,JETA1,2024-11-11,2024-11-14,3,1050,13.0,46908,159.6,synthetic
V-2024-00728,al-dasma,mina-al-zour,fujairah,FUELOIL,2024-11-12,2024-11-14,2,590,11.9,103543,123.2,synthetic
V-2024-00729,al-kout,mina-al-ahmadi,ningbo-zhoushan,KHAFJI,2024-11-12,2024-11-30,18,5900,13.5,305768,58.9,synthetic
V-2024-00730,al-funtas,mina-al-ahmadi,qingdao,KEC,2024-11-13,2024-12-03,20,6200,12.9,285764,85.4,synthetic
V-2024-00731,gas-al-gurain,mina-al-ahmadi,sikka,BUTANE,2024-11-13,2024-11-17,4,1150,12.9,44667,72.2,synthetic
V-2024-00732,al-siddeeq,mina-al-ahmadi,yeosu,KEC,2024-11-14,2024-12-05,21,6200,12.3,297351,60.1,synthetic
V-2024-00733,al-yamamah,mina-al-zour,singapore,GASOLINE,2024-11-16,2024-11-28,12,3900,13.1,45090,222.8,synthetic
V-2024-00734,gas-al-mutlaa,mina-al-ahmadi,karachi,PROPANE,2024-11-16,2024-11-19,3,1050,13.9,46027,78.9,synthetic
V-2024-00735,kaifan,shuaiba,karachi,GASOIL,2024-11-17,2024-11-21,4,1050,12.2,43055,144.4,synthetic
V-2024-00736,mutriba,mina-abdullah,karachi,GASOIL,2024-11-17,2024-11-21,4,1050,12.2,41796,162.3,synthetic
V-2024-00737,al-shegaya,mina-al-ahmadi,qingdao,KEC,2024-11-19,2024-12-10,21,6200,12.3,273145,68.8,synthetic
V-2024-00738,bubyan,mina-abdullah,sikka,FUELOIL,2024-11-19,2024-11-23,4,1150,13.1,42726,151.7,synthetic
V-2024-00739,burgan,mina-abdullah,fujairah,GASOIL,2024-11-19,2024-11-21,2,590,13.6,42451,198.1,synthetic
V-2024-00740,wafrah,mina-al-zour,augusta,NAPHTHA,2024-11-21,2024-12-03,12,4100,14.6,106557,146.4,synthetic
V-2024-00741,al-dasma,mina-al-ahmadi,sikka,NAPHTHA,2024-11-22,2024-11-26,4,1150,12.4,99902,111.2,synthetic
V-2024-00742,shegardiah,mina-abdullah,karachi,NAPHTHA,2024-11-23,2024-11-26,3,1050,14.1,44434,233.7,synthetic
V-2024-00743,bahra,mina-al-ahmadi,durban,GASOIL,2024-11-24,2024-12-08,14,4600,13.6,104329,174.6,synthetic
V-2024-00744,gas-umm-al-rowaisat,mina-al-ahmadi,ningbo-zhoushan,PROPANE,2024-11-26,2024-12-14,18,5900,13.5,50533,131.4,synthetic
V-2024-00745,gas-al-gurain,mina-al-ahmadi,sikka,PROPANE,2024-11-27,2024-12-01,4,1150,12.4,45770,71.6,synthetic
V-2024-00746,burgan,mina-abdullah,sikka,GASOIL,2024-11-28,2024-12-01,3,1150,14.1,43850,252.0,synthetic
V-2024-00747,bubyan,mina-al-ahmadi,fujairah,GASOLINE,2024-11-30,2024-12-02,2,590,12.3,42023,247.4,synthetic
V-2024-00748,gas-al-mutlaa,mina-al-ahmadi,fujairah,BUTANE,2024-11-30,2024-12-02,2,590,15.1,47617,72.6,synthetic
V-2024-00749,al-jabriyah-ii,mina-al-ahmadi,rotterdam,KEC,2024-12-01,2024-12-22,21,6400,12.5,299299,54.0,synthetic
V-2024-00750,gas-al-mubarakiah,mina-al-ahmadi,jnpt-mumbai,PROPANE,2024-12-01,2024-12-06,5,1450,12.7,49681,81.7,synthetic
V-2024-00751,kaifan,mina-al-zour,jnpt-mumbai,GASOIL,2024-12-02,2024-12-06,4,1450,13.8,42161,116.5,synthetic
V-2024-00752,mutriba,mina-al-ahmadi,sikka,JETA1,2024-12-02,2024-12-05,3,1150,13.7,44388,197.9,synthetic
V-2024-00753,al-dasma,shuaiba,sikka,NAPHTHA,2024-12-04,2024-12-08,4,1150,12.8,100071,113.3,synthetic
V-2024-00754,shegardiah,shuaiba,jnpt-mumbai,GASOIL,2024-12-07,2024-12-12,5,1450,13.2,44192,133.3,synthetic
V-2024-00755,al-riqqa,mina-al-ahmadi,trieste,KEC,2024-12-09,2024-12-24,15,4500,12.8,293497,56.4,synthetic
V-2024-00756,bneider,mina-al-zour,sikka,FUELOIL,2024-12-09,2024-12-13,4,1150,13.3,102598,123.8,synthetic
V-2024-00757,bubyan,mina-al-ahmadi,sikka,NAPHTHA,2024-12-09,2024-12-12,3,1150,14.5,43103,174.7,synthetic
V-2024-00758,gas-al-mutlaa,mina-al-ahmadi,colombo,PROPANE,2024-12-10,2024-12-16,6,2250,15.0,47880,99.5,synthetic
V-2024-00759,gas-al-gurain,mina-al-ahmadi,jnpt-mumbai,PROPANE,2024-12-11,2024-12-15,4,1450,14.3,47299,99.5,synthetic
V-2024-00760,kazimah-iii,mina-al-ahmadi,qingdao,KEC,2024-12-11,2024-12-30,19,6200,13.7,291420,38.8,synthetic
V-2024-00761,al-derwazah,mina-al-zour,trieste,KHAFJI,2024-12-12,2024-12-26,14,4500,13.3,302955,74.0,synthetic
V-2024-00762,burgan,mina-al-zour,colombo,GASOLINE,2024-12-12,2024-12-18,6,2250,15.2,43204,139.4,synthetic
V-2024-00763,gas-al-ahmadiah,mina-al-ahmadi,qingdao,PROPANE,2024-12-13,2024-12-31,18,6200,14.2,50367,86.1,synthetic
V-2024-00764,al-dasma,mina-al-zour,augusta,GASOIL,2024-12-15,2024-12-27,12,4100,14.4,102583,78.0,synthetic
V-2024-00765,mutriba,mina-al-ahmadi,jnpt-mumbai,FUELOIL,2024-12-15,2024-12-20,5,1450,12.9,43643,258.1,synthetic
V-2024-00766,al-yamamah,mina-abdullah,colombo,JETA1,2024-12-16,2024-12-23,7,2250,13.4,45750,170.4,synthetic
V-2024-00767,gas-al-kuwait-ii,mina-al-ahmadi,chiba,PROPANE,2024-12-16,2025-01-06,21,6700,13.6,50019,60.0,synthetic
V-2024-00768,al-salheia,mina-al-ahmadi,qingdao,KEC,2024-12-17,2025-01-07,21,6200,12.3,285923,69.7,synthetic
V-2024-00769,gas-al-mubarakiah,mina-al-ahmadi,jnpt-mumbai,BUTANE,2024-12-18,2024-12-23,5,1450,12.4,52798,134.1,synthetic
V-2024-00770,kaifan,mina-abdullah,karachi,NAPHTHA,2024-12-18,2024-12-21,3,1050,14.1,43856,136.3,synthetic
V-2024-00771,umm-al-aish,mina-al-ahmadi,rotterdam,KEC,2024-12-18,2025-01-05,18,6400,15.2,292808,74.4,synthetic
V-2024-00772,dar-salwa,mina-al-zour,yeosu,KSLC,2024-12-19,2025-01-07,19,6200,13.9,298324,77.8,synthetic
V-2024-00773,al-yarmouk,mina-al-ahmadi,ulsan,KEC,2024-12-21,2025-01-11,21,6300,12.7,301287,83.4,synthetic
V-2024-00774,bneider,mina-al-ahmadi,fujairah,GASOLINE,2024-12-22,2024-12-24,2,590,14.1,102368,172.5,synthetic
V-2024-00775,bubyan,mina-al-zour,fujairah,FUELOIL,2024-12-22,2024-12-24,2,590,13.9,42604,263.7,synthetic
V-2024-00776,shegardiah,shuaiba,jnpt-mumbai,NAPHTHA,2024-12-22,2024-12-26,4,1450,14.1,46078,121.4,synthetic
V-2024-00777,wafrah,mina-abdullah,augusta,GASOLINE,2024-12-22,2025-01-03,12,4100,14.3,108425,124.5,synthetic
V-2024-00778,al-salmi,mina-al-ahmadi,ningbo-zhoushan,KEC,2024-12-23,2025-01-09,17,5900,14.6,309681,59.4,synthetic
V-2024-00779,al-kout,mina-al-ahmadi,ulsan,KEC,2024-12-24,2025-01-13,20,6300,13.1,296853,76.3,synthetic
V-2024-00780,gas-al-gurain,mina-al-ahmadi,jnpt-mumbai,BUTANE,2024-12-27,2025-01-01,5,1450,12.2,44103,88.6,synthetic
V-2024-00781,gas-al-negeh,mina-al-ahmadi,ningbo-zhoushan,PROPANE,2024-12-27,2025-01-16,20,5900,12.3,49890,66.7,synthetic
V-2024-00782,burgan,mina-al-ahmadi,karachi,GASOIL,2024-12-29,2025-01-02,4,1050,12.5,44581,194.8,synthetic
V-2024-00783,gas-al-mutlaa,mina-al-ahmadi,colombo,PROPANE,2024-12-29,2025-01-04,6,2250,15.2,47586,71.9,synthetic
V-2024-00784,bahra,mina-al-ahmadi,jnpt-mumbai,JETA1,2024-12-30,2025-01-04,5,1450,13.1,101325,84.1,synthetic
V-2024-00785,mutriba,mina-al-zour,fujairah,GASOIL,2024-12-30,2025-01-01,2,590,14.6,41980,211.4,synthetic
V-2024-00786,al-funtas,mina-al-ahmadi,chiba,EOCENE,2024-12-31,2025-01-18,18,6700,15.2,300120,51.8,synthetic
V-2024-00787,al-siddeeq,mina-al-ahmadi,qingdao,KEC,2024-12-31,2025-01-18,18,6200,14.0,313732,57.1,synthetic
V-2024-00788,kaifan,mina-al-zour,jnpt-mumbai,GASOIL,2024-12-31,2025-01-04,4,1450,13.5,42385,133.6,synthetic
V-2025-00789,bneider,mina-al-ahmadi,fujairah,GASOIL,2025-01-01,2025-01-03,2,590,13.4,103045,143.9,synthetic
V-2025-00790,al-shegaya,mina-al-ahmadi,houston,KEC,2025-01-02,2025-02-09,38,11500,12.7,284292,73.8,synthetic
V-2025-00791,bubyan,mina-abdullah,sikka,GASOLINE,2025-01-02,2025-01-06,4,1150,12.5,44367,217.5,synthetic
V-2025-00792,gas-al-mubarakiah,mina-al-ahmadi,qingdao,PROPANE,2025-01-05,2025-01-23,18,6200,14.7,50031,97.1,synthetic
V-2025-00793,shegardiah,shuaiba,singapore,NAPHTHA,2025-01-05,2025-01-16,11,3900,14.8,45514,223.9,synthetic
V-2025-00794,gas-umm-al-rowaisat,mina-al-ahmadi,chiba,BUTANE,2025-01-06,2025-01-27,21,6700,13.4,50964,88.2,synthetic
V-2025-00795,al-yamamah,shuaiba,sikka,NAPHTHA,2025-01-07,2025-01-11,4,1150,13.5,44403,178.6,synthetic
V-2025-00796,mutriba,shuaiba,fujairah,FUELOIL,2025-01-09,2025-01-11,2,590,12.3,43063,215.2,synthetic
V-2025-00797,gas-al-gurain,mina-al-ahmadi,sikka,PROPANE,2025-01-11,2025-01-14,3,1150,15.1,47074,95.7,synthetic
V-2025-00798,bneider,mina-abdullah,jnpt-mumbai,JETA1,2025-01-13,2025-01-17,4,1450,13.6,106832,81.8,synthetic
V-2025-00799,kaifan,mina-al-zour,singapore,GASOIL,2025-01-13,2025-01-24,11,3900,15.0,44129,151.1,synthetic
V-2025-00800,al-derwazah,mina-al-zour,qingdao,KEC,2025-01-14,2025-02-01,18,6200,14.1,288356,45.3,synthetic
V-2025-00801,al-riqqa,mina-al-ahmadi,trieste,KEC,2025-01-14,2025-01-28,14,4500,13.8,292243,50.6,synthetic
V-2025-00802,burgan,mina-al-ahmadi,fujairah,GASOIL,2025-01-14,2025-01-16,2,590,13.7,43608,143.9,synthetic
V-2025-00803,al-dasma,mina-al-ahmadi,singapore,NAPHTHA,2025-01-15,2025-01-28,13,3900,12.2,103621,173.5,synthetic
V-2025-00804,bahra,mina-al-ahmadi,singapore,NAPHTHA,2025-01-15,2025-01-27,12,3900,13.0,106817,130.6,synthetic
V-2025-00805,bubyan,mina-abdullah,colombo,GASOIL,2025-01-16,2025-01-24,8,2250,12.5,44061,247.0,synthetic
V-2025-00806,al-jabriyah-ii,mina-al-zour,ningbo-zhoushan,KEC,2025-01-17,2025-02-07,21,5900,11.9,295700,68.8,synthetic
V-2025-00807,gas-al-mutlaa,mina-al-ahmadi,sikka,BUTANE,2025-01-17,2025-01-20,3,1150,14.9,47522,131.0,synthetic
V-2025-00808,mutriba,shuaiba,jnpt-mumbai,FUELOIL,2025-01-20,2025-01-24,4,1450,13.6,42074,197.6,synthetic
V-2025-00809,al-yamamah,mina-al-ahmadi,sikka,NAPHTHA,2025-01-21,2025-01-25,4,1150,12.7,44998,154.9,synthetic
V-2025-00810,burgan,mina-al-zour,singapore,JETA1,2025-01-23,2025-02-03,11,3900,14.2,42127,118.9,synthetic
V-2025-00811,gas-al-ahmadiah,mina-al-ahmadi,jnpt-mumbai,PROPANE,2025-01-23,2025-01-28,5,1450,13.3,50257,132.5,synthetic
V-2025-00812,kazimah-iii,mina-al-ahmadi,rotterdam,KEC,2025-01-23,2025-02-12,20,6400,13.1,287854,53.0,synthetic
V-2025-00813,wafrah,mina-al-ahmadi,durban,GASOIL,2025-01-23,2025-02-06,14,4600,13.6,103741,149.1,synthetic
V-2025-00814,gas-al-gurain,mina-al-ahmadi,singapore,PROPANE,2025-01-25,2025-02-07,13,3900,12.7,44788,141.9,synthetic
V-2025-00815,bneider,mina-al-ahmadi,fujairah,GASOLINE,2025-01-28,2025-01-30,2,590,13.3,100697,159.5,synthetic
V-2025-00816,al-salheia,mina-al-ahmadi,trieste,KEC,2025-01-31,2025-02-13,13,4500,14.2,286192,38.7,synthetic
V-2025-00817,dar-salwa,mina-al-ahmadi,ningbo-zhoushan,KEC,2025-02-01,2025-02-18,17,5900,14.1,289541,83.7,synthetic
V-2025-00818,gas-al-kuwait-ii,mina-al-ahmadi,jnpt-mumbai,PROPANE,2025-02-01,2025-02-06,5,1450,12.0,49652,92.1,synthetic
V-2025-00819,gas-al-mutlaa,mina-al-ahmadi,karachi,PROPANE,2025-02-02,2025-02-05,3,1050,14.7,47364,105.5,synthetic
V-2025-00820,mutriba,mina-al-ahmadi,karachi,NAPHTHA,2025-02-02,2025-02-05,3,1050,14.6,43445,205.5,synthetic
V-2025-00821,umm-al-aish,mina-al-ahmadi,qingdao,KHAFJI,2025-02-02,2025-02-20,18,6200,14.3,303539,84.7,synthetic
V-2025-00822,al-yamamah,mina-al-ahmadi,mombasa,GASOLINE,2025-02-03,2025-02-12,9,2700,12.6,46614,131.7,synthetic
V-2025-00823,al-salmi,mina-al-ahmadi,qingdao,KHAFJI,2025-02-04,2025-02-25,21,6200,12.3,301027,56.2,synthetic
V-2025-00824,shegardiah,mina-abdullah,jnpt-mumbai,FUELOIL,2025-02-04,2025-02-08,4,1450,13.7,44818,242.4,synthetic
V-2025-00825,bubyan,mina-al-ahmadi,fujairah,JETA1,2025-02-05,2025-02-07,2,590,13.1,42421,124.7,synthetic
V-2025-00826,al-kout,mina-al-ahmadi,kawasaki,KHAFJI,2025-02-07,2025-02-27,20,6700,14.0,293235,49.4,synthetic
V-2025-00827,al-yarmouk,mina-al-ahmadi,sikka,KHAFJI,2025-02-07,2025-02-10,3,1150,13.7,295783,69.6,synthetic
V-2025-00828,bneider,shuaiba,fujairah,GASOLINE,2025-02-07,2025-02-09,2,590,14.6,104694,139.2,synthetic
V-2025-00829,al-siddeeq,mina-al-ahmadi,sikka,KEC,2025-02-08,2025-02-12,4,1150,12.4,310156,67.7,synthetic
V-2025-00830,gas-al-ahmadiah,mina-al-ahmadi,qingdao,PROPANE,2025-02-08,2025-02-28,20,6200,13.1,52714,128.1,synthetic
V-2025-00831,al-funtas,mina-al-zour,chiba,KHAFJI,2025-02-10,2025-03-05,23,6700,12.0,306700,42.3,synthetic
V-2025-00832,gas-al-negeh,mina-al-ahmadi,colombo,PROPANE,2025-02-10,2025-02-17,7,2250,12.6,51050,132.4,synthetic
V-2025-00833,gas-al-mutlaa,mina-al-ahmadi,fujairah,PROPANE,2025-02-12,2025-02-14,2,590,11.9,44915,139.1,synthetic
V-2025-00834,kaifan,mina-al-zour,ain-sokhna,NAPHTHA,2025-02-12,2025-02-24,12,3400,12.2,44836,158.9,synthetic
V-2025-00835,al-dasma,mina-al-ahmadi,qingdao,NAPHTHA,2025-02-13,2025-03-04,19,6200,13.8,100273,131.2,synthetic
V-2025-00836,bahra,mina-abdullah,augusta,NAPHTHA,2025-02-15,2025-02-28,13,4100,13.3,101764,171.0,synthetic
V-2025-00837,mutriba,mina-al-zour,karachi,GASOLINE,2025-02-15,2025-02-18,3,1050,14.7,43442,191.0,synthetic
V-2025-00838,al-riqqa,mina-al-ahmadi,yeosu,KEC,2025-02-17,2025-03-10,21,6200,12.1,307804,63.6,synthetic
V-2025-00839,bneider,mina-al-ahmadi,fujairah,NAPHTHA,2025-02-17,2025-02-19,2,590,12.6,106989,120.7,synthetic
V-2025-00840,bubyan,mina-abdullah,fujairah,GASOIL,2025-02-17,2025-02-19,2,590,13.0,43044,182.8,synthetic
V-2025-00841,gas-al-kuwait-ii,mina-al-ahmadi,sikka,PROPANE,2025-02-17,2025-02-21,4,1150,12.9,50578,79.2,synthetic
V-2025-00842,shegardiah,mina-abdullah,ain-sokhna,GASOIL,2025-02-19,2025-03-01,10,3400,14.5,45468,213.2,synthetic
V-2025-00843,al-yarmouk,mina-al-ahmadi,houston,KEC,2025-02-20,2025-03-29,37,11500,13.0,304938,68.7,synthetic
V-2025-00844,gas-al-mubarakiah,mina-al-ahmadi,qingdao,PROPANE,2025-02-20,2025-03-13,21,6200,12.2,50803,122.8,synthetic
V-2025-00845,gas-umm-al-rowaisat,mina-al-ahmadi,sikka,PROPANE,2025-02-21,2025-02-24,3,1150,14.0,52352,124.6,synthetic
V-2025-00846,gas-al-mutlaa,mina-al-ahmadi,karachi,BUTANE,2025-02-22,2025-02-25,3,1050,14.0,44913,67.2,synthetic
V-2025-00847,al-siddeeq,mina-al-ahmadi,qingdao,EOCENE,2025-02-23,2025-03-14,19,6200,13.8,302091,38.5,synthetic
V-2025-00848,burgan,mina-abdullah,jnpt-mumbai,GASOLINE,2025-02-23,2025-02-28,5,1450,12.5,43204,163.7,synthetic
V-2025-00849,al-derwazah,mina-al-ahmadi,houston,KEC,2025-02-25,2025-03-30,33,11500,14.4,292029,53.2,synthetic
V-2025-00850,al-yamamah,mina-al-zour,durban,GASOIL,2025-02-25,2025-03-10,13,4600,14.9,44800,179.2,synthetic
V-2025-00851,bubyan,mina-abdullah,colombo,GASOIL,2025-02-25,2025-03-04,7,2250,13.0,43625,153.0,synthetic
V-2025-00852,bneider,mina-abdullah,qingdao,GASOIL,2025-02-26,2025-03-16,18,6200,14.6,101549,106.4,synthetic
V-2025-00853,gas-al-gurain,mina-al-ahmadi,singapore,BUTANE,2025-02-27,2025-03-10,11,3900,14.2,46410,77.5,synthetic
V-2025-00854,wafrah,mina-abdullah,trieste,GASOIL,2025-02-28,2025-03-12,12,4500,15.0,105108,146.5,synthetic
V-2025-00855,gas-al-negeh,mina-al-ahmadi,sikka,PROPANE,2025-03-01,2025-03-05,4,1150,12.8,51628,129.7,synthetic
V-2025-00856,mutriba,mina-abdullah,ain-sokhna,GASOIL,2025-03-01,2025-03-12,11,3400,13.4,44212,135.5,synthetic
V-2025-00857,al-jabriyah-ii,mina-al-ahmadi,ulsan,KEC,2025-03-02,2025-03-21,19,6300,14.1,305811,63.9,synthetic
V-2025-00858,gas-al-kuwait-ii,mina-al-ahmadi,yeosu,BUTANE,2025-03-02,2025-03-21,19,6200,13.8,49008,90.0,synthetic
V-2025-00859,al-salheia,mina-al-zour,yeosu,KSLC,2025-03-06,2025-03-25,19,6200,13.4,290568,63.0,synthetic
V-2025-00860,gas-al-mutlaa,mina-al-ahmadi,singapore,BUTANE,2025-03-06,2025-03-19,13,3900,12.9,47906,110.7,synthetic
V-2025-00861,gas-umm-al-rowaisat,mina-al-ahmadi,chiba,BUTANE,2025-03-08,2025-03-30,22,6700,12.9,49294,105.1,synthetic
V-2025-00862,kazimah-iii,mina-al-ahmadi,ulsan,KEC,2025-03-09,2025-03-28,19,6300,13.8,305508,70.7,synthetic
V-2025-00863,burgan,mina-abdullah,sikka,NAPHTHA,2025-03-10,2025-03-13,3,1150,14.0,42965,135.2,synthetic
V-2025-00864,kaifan,mina-al-ahmadi,fujairah,JETA1,2025-03-10,2025-03-12,2,590,14.5,44805,204.8,synthetic
V-2025-00865,dar-salwa,mina-al-zour,kawasaki,EOCENE,2025-03-15,2025-04-06,22,6700,12.8,295288,47.5,synthetic
V-2025-00866,gas-al-negeh,mina-al-ahmadi,colombo,PROPANE,2025-03-15,2025-03-22,7,2250,14.0,52357,116.7,synthetic
V-2025-00867,umm-al-aish,mina-al-ahmadi,rotterdam,KEC,2025-03-17,2025-04-05,19,6400,14.4,306633,39.4,synthetic
V-2025-00868,bahra,mina-al-ahmadi,jnpt-mumbai,JETA1,2025-03-18,2025-03-22,4,1450,14.8,102928,157.2,synthetic
V-2025-00869,bubyan,mina-abdullah,fujairah,FUELOIL,2025-03-18,2025-03-20,2,590,13.5,44385,244.6,synthetic
V-2025-00870,shegardiah,shuaiba,karachi,GASOLINE,2025-03-18,2025-03-21,3,1050,12.9,46803,243.9,synthetic
V-2025-00871,kaifan,mina-al-ahmadi,mombasa,NAPHTHA,2025-03-20,2025-03-28,8,2700,14.6,43644,173.2,synthetic
V-2025-00872,al-shegaya,mina-al-ahmadi,ningbo-zhoushan,KHAFJI,2025-03-21,2025-04-09,19,5900,13.0,270981,43.2,synthetic
V-2025-00873,al-kout,mina-al-ahmadi,ain-sokhna,KEC,2025-03-23,2025-04-02,10,3400,13.5,307749,67.1,synthetic
V-2025-00874,al-salmi,mina-al-ahmadi,rotterdam,KEC,2025-03-24,2025-04-14,21,6400,13.0,300485,73.9,synthetic
V-2025-00875,gas-al-ahmadiah,mina-al-ahmadi,ningbo-zhoushan,PROPANE,2025-03-24,2025-04-13,20,5900,12.6,52500,130.1,synthetic
V-2025-00876,burgan,mina-al-zour,mombasa,JETA1,2025-03-25,2025-04-02,8,2700,14.5,43749,124.4,synthetic
V-2025-00877,al-yamamah,mina-al-ahmadi,karachi,GASOIL,2025-03-27,2025-03-30,3,1050,14.2,45041,214.1,synthetic
V-2025-00878,al-dasma,mina-al-ahmadi,augusta,GASOIL,2025-03-28,2025-04-09,12,4100,13.7,100599,122.6,synthetic
V-2025-00879,gas-al-gurain,mina-al-ahmadi,fujairah,BUTANE,2025-03-29,2025-03-31,2,590,13.9,45067,136.2,synthetic
V-2025-00880,bubyan,shuaiba,fujairah,JETA1,2025-03-30,2025-04-01,2,590,13.7,43431,213.9,synthetic
V-2025-00881,mutriba,mina-al-ahmadi,fujairah,GASOIL,2025-03-30,2025-04-01,2,590,12.4,44666,200.5,synthetic
V-2025-00882,bahra,mina-al-ahmadi,sikka,FUELOIL,2025-03-31,2025-04-04,4,1150,13.6,105002,142.8,synthetic
V-2025-00883,shegardiah,mina-abdullah,karachi,JETA1,2025-03-31,2025-04-04,4,1050,11.9,45893,192.0,synthetic
V-2025-00884,al-funtas,mina-al-ahmadi,trieste,KHAFJI,2025-04-01,2025-04-14,13,4500,14.1,290585,71.3,synthetic
V-2025-00885,wafrah,mina-al-zour,sikka,JETA1,2025-04-01,2025-04-05,4,1150,12.5,105362,88.3,synthetic
V-2025-00886,gas-al-negeh,mina-al-ahmadi,sikka,PROPANE,2025-04-03,2025-04-06,3,1150,13.7,48855,96.1,synthetic
V-2025-00887,al-riqqa,mina-al-ahmadi,chiba,KHAFJI,2025-04-04,2025-04-24,20,6700,13.8,292361,61.0,synthetic
V-2025-00888,gas-al-mutlaa,mina-al-ahmadi,sikka,PROPANE,2025-04-05,2025-04-09,4,1150,12.9,47756,151.7,synthetic
V-2025-00889,gas-al-gurain,mina-al-ahmadi,sikka,BUTANE,2025-04-07,2025-04-11,4,1150,12.4,45182,82.7,synthetic
V-2025-00890,gas-al-mubarakiah,mina-al-ahmadi,jnpt-mumbai,BUTANE,2025-04-07,2025-04-11,4,1450,13.8,50281,84.7,synthetic
V-2025-00891,al-yamamah,mina-abdullah,sikka,GASOIL,2025-04-09,2025-04-13,4,1150,12.6,44603,208.7,synthetic
V-2025-00892,bubyan,mina-al-ahmadi,sikka,JETA1,2025-04-09,2025-04-13,4,1150,13.2,42194,208.8,synthetic
V-2025-00893,mutriba,mina-al-zour,mombasa,JETA1,2025-04-10,2025-04-18,8,2700,13.3,44402,224.4,synthetic
V-2025-00894,al-siddeeq,mina-al-ahmadi,qingdao,EOCENE,2025-04-11,2025-04-30,19,6200,13.6,307432,74.5,synthetic
V-2025-00895,bneider,mina-al-ahmadi,singapore,GASOIL,2025-04-11,2025-04-22,11,3900,15.1,105129,158.7,synthetic
V-2025-00896,shegardiah,mina-al-zour,fujairah,GASOLINE,2025-04-11,2025-04-13,2,590,12.5,44858,200.8,synthetic
V-2025-00897,bahra,mina-al-zour,trieste,JETA1,2025-04-14,2025-04-29,15,4500,12.3,102391,161.9,synthetic
V-2025-00898,burgan,mina-abdullah,karachi,GASOIL,2025-04-14,2025-04-17,3,1050,13.9,43596,220.6,synthetic
V-2025-00899,kaifan,mina-al-ahmadi,singapore,NAPHTHA,2025-04-14,2025-04-26,12,3900,13.7,41704,240.6,synthetic
V-2025-00900,gas-al-kuwait-ii,mina-al-ahmadi,yeosu,BUTANE,2025-04-15,2025-05-05,20,6200,13.1,52279,70.3,synthetic
V-2025-00901,gas-al-negeh,mina-al-ahmadi,qingdao,PROPANE,2025-04-15,2025-05-06,21,6200,12.3,51634,131.1,synthetic
V-2025-00902,al-jabriyah-ii,mina-al-ahmadi,ningbo-zhoushan,KEC,2025-04-16,2025-05-05,19,5900,13.2,303151,39.7,synthetic
V-2025-00903,wafrah,mina-al-zour,fujairah,NAPHTHA,2025-04-16,2025-04-18,2,590,13.5,107583,171.2,synthetic
V-2025-00904,gas-al-mutlaa,mina-al-ahmadi,karachi,PROPANE,2025-04-18,2025-04-22,4,1050,12.2,48088,147.3,synthetic
V-2025-00905,al-kout,mina-al-ahmadi,houston,EOCENE,2025-04-19,2025-05-21,32,11500,14.8,293527,57.2,synthetic
V-2025-00906,al-salheia,mina-al-ahmadi,rotterdam,KEC,2025-04-19,2025-05-07,18,6400,14.5,279863,69.5,synthetic
V-2025-00907,gas-al-mubarakiah,mina-al-ahmadi,sikka,PROPANE,2025-04-19,2025-04-23,4,1150,11.9,51949,114.1,synthetic
V-2025-00908,gas-al-gurain,mina-al-ahmadi,karachi,BUTANE,2025-04-20,2025-04-23,3,1050,13.0,44506,99.9,synthetic
V-2025-00909,shegardiah,mina-al-ahmadi,jnpt-mumbai,GASOIL,2025-04-20,2025-04-24,4,1450,14.4,47064,204.8,synthetic
V-2025-00910,al-yamamah,mina-abdullah,fujairah,NAPHTHA,2025-04-22,2025-04-24,2,590,13.8,46865,216.3,synthetic
V-2025-00911,bubyan,mina-abdullah,mombasa,NAPHTHA,2025-04-24,2025-05-02,8,2700,14.9,44050,160.2,synthetic
V-2025-00912,gas-umm-al-rowaisat,mina-al-ahmadi,qingdao,PROPANE,2025-04-25,2025-05-12,17,6200,14.8,52787,67.9,synthetic
V-2025-00913,kazimah-iii,mina-al-ahmadi,augusta,KEC,2025-04-25,2025-05-08,13,4100,12.9,295928,50.4,synthetic
V-2025-00914,burgan,mina-abdullah,sikka,FUELOIL,2025-04-28,2025-05-01,3,1150,14.5,44526,258.7,synthetic
V-2025-00915,wafrah,mina-abdullah,singapore,JETA1,2025-04-29,2025-05-10,11,3900,14.2,103782,97.0,synthetic
V-2025-00916,al-dasma,mina-al-ahmadi,durban,GASOIL,2025-04-30,2025-05-14,14,4600,14.1,103773,100.7,synthetic
V-2025-00917,umm-al-aish,mina-al-ahmadi,sikka,KEC,2025-04-30,2025-05-03,3,1150,14.6,294048,41.4,synthetic
V-2025-00918,gas-al-gurain,mina-al-ahmadi,sikka,PROPANE,2025-05-01,2025-05-04,3,1150,15.1,46407,130.4,synthetic
V-2025-00919,gas-al-mubarakiah,mina-al-ahmadi,sikka,BUTANE,2025-05-02,2025-05-06,4,1150,12.4,50009,131.2,synthetic
V-2025-00920,al-yamamah,mina-al-ahmadi,karachi,GASOLINE,2025-05-03,2025-05-06,3,1050,13.4,45781,216.2,synthetic
V-2025-00921,gas-al-mutlaa,mina-al-ahmadi,mombasa,BUTANE,2025-05-03,2025-05-10,7,2700,15.2,46607,119.4,synthetic
V-2025-00922,mutriba,mina-al-ahmadi,jnpt-mumbai,NAPHTHA,2025-05-03,2025-05-07,4,1450,14.5,43000,148.1,synthetic
V-2025-00923,al-shegaya,mina-al-ahmadi,qingdao,KEC,2025-05-04,2025-05-21,17,6200,14.8,276673,85.2,synthetic
V-2025-00924,dar-salwa,mina-al-ahmadi,sikka,EOCENE,2025-05-05,2025-05-09,4,1150,13.5,309399,68.9,synthetic
V-2025-00925,al-funtas,mina-al-ahmadi,rotterdam,EOCENE,2025-05-07,2025-05-28,21,6400,12.7,286678,61.8,synthetic
V-2025-00926,shegardiah,mina-abdullah,karachi,GASOLINE,2025-05-07,2025-05-10,3,1050,13.7,43941,163.3,synthetic
V-2025-00927,al-yarmouk,mina-al-zour,qingdao,KEC,2025-05-08,2025-05-29,21,6200,12.4,301360,41.8,synthetic
V-2025-00928,gas-al-ahmadiah,mina-al-ahmadi,ulsan,BUTANE,2025-05-09,2025-05-29,20,6300,13.4,50807,123.5,synthetic
V-2025-00929,al-derwazah,mina-al-ahmadi,rotterdam,KEC,2025-05-10,2025-06-01,22,6400,12.0,300653,86.5,synthetic
V-2025-00930,bneider,mina-al-ahmadi,singapore,GASOIL,2025-05-11,2025-05-23,12,3900,13.9,104434,143.8,synthetic
V-2025-00931,umm-al-aish,mina-al-ahmadi,ningbo-zhoushan,KEC,2025-05-11,2025-05-29,18,5900,13.9,292961,61.5,synthetic
V-2025-00932,al-salmi,mina-al-ahmadi,houston,KEC,2025-05-13,2025-06-22,40,11500,12.0,308699,54.0,synthetic
V-2025-00933,kaifan,mina-abdullah,mombasa,FUELOIL,2025-05-13,2025-05-21,8,2700,13.4,42411,167.2,synthetic
V-2025-00934,burgan,mina-al-zour,mombasa,NAPHTHA,2025-05-14,2025-05-22,8,2700,14.9,44693,211.0,synthetic
V-2025-00935,gas-al-gurain,mina-al-ahmadi,jnpt-mumbai,BUTANE,2025-05-15,2025-05-19,4,1450,14.0,45313,151.4,synthetic
V-2025-00936,al-yamamah,shuaiba,jnpt-mumbai,FUELOIL,2025-05-16,2025-05-21,5,1450,12.4,45637,180.7,synthetic
V-2025-00937,gas-al-mubarakiah,mina-al-ahmadi,qingdao,PROPANE,2025-05-17,2025-06-05,19,6200,13.7,49944,90.9,synthetic
V-2025-00938,mutriba,mina-al-ahmadi,mombasa,GASOLINE,2025-05-18,2025-05-27,9,2700,12.2,42978,179.0,synthetic
V-2025-00939,bubyan,mina-abdullah,colombo,GASOLINE,2025-05-19,2025-05-27,8,2250,12.5,43375,241.6,synthetic
V-2025-00940,bahra,mina-al-ahmadi,singapore,FUELOIL,2025-05-20,2025-06-01,12,3900,14.1,102990,160.8,synthetic
V-2025-00941,dar-salwa,mina-al-ahmadi,houston,KHAFJI,2025-05-20,2025-06-26,37,11500,12.9,302378,83.1,synthetic
V-2025-00942,al-riqqa,mina-al-ahmadi,rotterdam,KEC,2025-05-21,2025-06-12,22,6400,12.4,307923,41.3,synthetic
V-2025-00943,shegardiah,shuaiba,fujairah,GASOLINE,2025-05-22,2025-05-24,2,590,13.9,44129,186.8,synthetic
V-2025-00944,gas-al-mutlaa,mina-al-ahmadi,fujairah,BUTANE,2025-05-25,2025-05-27,2,590,14.2,45210,84.5,synthetic
V-2025-00945,kazimah-iii,mina-al-ahmadi,trieste,KHAFJI,2025-05-26,2025-06-08,13,4500,14.7,290408,42.4,synthetic
V-2025-00946,al-siddeeq,mina-al-ahmadi,ain-sokhna,KHAFJI,2025-05-27,2025-06-06,10,3400,13.8,297079,48.2,synthetic
V-2025-00947,gas-al-negeh,mina-al-ahmadi,sikka,PROPANE,2025-05-28,2025-05-31,3,1150,14.1,50434,87.6,synthetic
V-2025-00948,wafrah,shuaiba,jnpt-mumbai,GASOIL,2025-05-28,2025-06-01,4,1450,14.2,102645,82.4,synthetic
V-2025-00949,al-jabriyah-ii,mina-al-zour,ulsan,EOCENE,2025-05-30,2025-06-20,21,6300,12.7,287772,84.4,synthetic
V-2025-00950,gas-al-gurain,mina-al-ahmadi,jnpt-mumbai,BUTANE,2025-05-30,2025-06-04,5,1450,12.8,44264,74.1,synthetic
V-2025-00951,gas-al-kuwait-ii,mina-al-ahmadi,sikka,PROPANE,2025-05-30,2025-06-02,3,1150,15.0,48823,128.9,synthetic
V-2025-00952,shegardiah,mina-abdullah,jnpt-mumbai,GASOIL,2025-06-01,2025-06-06,5,1450,12.1,45742,159.1,synthetic
V-2025-00953,al-yamamah,mina-abdullah,ain-sokhna,FUELOIL,2025-06-03,2025-06-13,10,3400,13.7,44503,135.6,synthetic
V-2025-00954,al-salheia,mina-al-ahmadi,ulsan,KEC,2025-06-04,2025-06-26,22,6300,12.0,283839,73.0,synthetic
V-2025-00955,gas-al-mutlaa,mina-al-ahmadi,fujairah,PROPANE,2025-06-04,2025-06-06,2,590,12.1,44917,150.5,synthetic
V-2025-00956,gas-umm-al-rowaisat,mina-al-ahmadi,ningbo-zhoushan,PROPANE,2025-06-04,2025-06-22,18,5900,13.7,52735,69.5,synthetic
V-2025-00957,kaifan,mina-abdullah,durban,GASOIL,2025-06-04,2025-06-19,15,4600,12.9,41985,258.9,synthetic
V-2025-00958,al-dasma,mina-al-ahmadi,ain-sokhna,JETA1,2025-06-06,2025-06-16,10,3400,13.9,105736,91.4,synthetic
V-2025-00959,burgan,mina-al-zour,mombasa,GASOLINE,2025-06-06,2025-06-15,9,2700,11.9,44877,258.8,synthetic
V-2025-00960,mutriba,mina-al-ahmadi,singapore,NAPHTHA,2025-06-08,2025-06-19,11,3900,14.8,43745,132.5,synthetic
V-2025-00961,gas-al-kuwait-ii,mina-al-ahmadi,qingdao,PROPANE,2025-06-09,2025-06-30,21,6200,12.1,51606,119.4,synthetic
V-2025-00962,gas-al-negeh,mina-al-ahmadi,chiba,BUTANE,2025-06-09,2025-07-02,23,6700,12.0,49865,86.6,synthetic
V-2025-00963,wafrah,mina-al-zour,fujairah,NAPHTHA,2025-06-10,2025-06-12,2,590,14.2,102484,78.9,synthetic
V-2025-00964,bneider,mina-al-ahmadi,fujairah,GASOLINE,2025-06-12,2025-06-14,2,590,12.3,101807,92.1,synthetic
V-2025-00965,bubyan,mina-al-ahmadi,singapore,GASOLINE,2025-06-12,2025-06-25,13,3900,12.8,42889,171.4,synthetic
V-2025-00966,gas-al-gurain,mina-al-ahmadi,karachi,PROPANE,2025-06-13,2025-06-17,4,1050,12.1,47377,145.8,synthetic
V-2025-00967,gas-al-mutlaa,mina-al-ahmadi,colombo,PROPANE,2025-06-15,2025-06-22,7,2250,12.9,45030,123.2,synthetic
V-2025-00968,al-shegaya,mina-al-ahmadi,kawasaki,KHAFJI,2025-06-16,2025-07-09,23,6700,12.4,284210,60.8,synthetic
V-2025-00969,bahra,mina-al-ahmadi,qingdao,GASOLINE,2025-06-18,2025-07-06,18,6200,14.4,101945,126.0,synthetic
V-2025-00970,shegardiah,mina-al-zour,sikka,FUELOIL,2025-06-18,2025-06-22,4,1150,12.1,44969,258.3,synthetic
V-2025-00971,wafrah,mina-al-zour,jnpt-mumbai,GASOIL,2025-06-21,2025-06-25,4,1450,13.6,106206,148.7,synthetic
V-2025-00972,al-funtas,mina-al-ahmadi,rotterdam,KEC,2025-06-22,2025-07-11,19,6400,14.0,300937,52.6,synthetic
V-2025-00973,bneider,mina-al-ahmadi,sikka,GASOLINE,2025-06-22,2025-06-25,3,1150,14.8,102866,165.6,synthetic
V-2025-00974,umm-al-aish,mina-al-ahmadi,trieste,KEC,2025-06-22,2025-07-06,14,4500,13.3,292728,66.1,synthetic
V-2025-00975,gas-al-ahmadiah,mina-al-ahmadi,yeosu,PROPANE,2025-06-23,2025-07-13,20,6200,12.7,49175,126.3,synthetic
V-2025-00976,al-siddeeq,mina-al-ahmadi,ningbo-zhoushan,EOCENE,2025-06-25,2025-07-13,18,5900,13.7,300076,84.4,synthetic
V-2025-00977,kazimah-iii,mina-al-ahmadi,chiba,KEC,2025-06-25,2025-07-18,23,6700,11.9,286958,70.3,synthetic
V-2025-00978,al-yarmouk,mina-al-ahmadi,sikka,KEC,2025-06-26,2025-06-30,4,1150,12.5,296385,42.4,synthetic
V-2025-00979,gas-al-gurain,mina-al-ahmadi,karachi,BUTANE,2025-06-26,2025-06-29,3,1050,13.3,44448,88.4,synthetic
V-2025-00980,burgan,mina-al-zour,singapore,GASOIL,2025-06-27,2025-07-09,12,3900,13.6,42496,143.1,synthetic
V-2025-00981,al-derwazah,mina-al-ahmadi,ningbo-zhoushan,KEC,2025-06-29,2025-07-19,20,5900,12.5,285852,39.1,synthetic
V-2025-00982,gas-al-mubarakiah,mina-al-ahmadi,ningbo-zhoushan,PROPANE,2025-06-30,2025-07-18,18,5900,13.9,49972,131.8,synthetic
V-2025-00983,shegardiah,shuaiba,jnpt-mumbai,GASOLINE,2025-06-30,2025-07-04,4,1450,14.7,44465,202.5,synthetic
V-2025-00984,al-yamamah,mina-al-ahmadi,ain-sokhna,FUELOIL,2025-07-01,2025-07-10,9,3400,15.1,45035,155.2,synthetic
V-2025-00985,al-kout,mina-al-ahmadi,sikka,EOCENE,2025-07-02,2025-07-06,4,1150,13.6,301223,83.6,synthetic
V-2025-00986,al-dasma,mina-al-zour,jnpt-mumbai,FUELOIL,2025-07-03,2025-07-08,5,1450,13.1,103405,113.0,synthetic
V-2025-00987,mutriba,mina-al-zour,durban,FUELOIL,2025-07-04,2025-07-17,13,4600,14.7,42466,216.8,synthetic
V-2025-00988,wafrah,mina-abdullah,qingdao,NAPHTHA,2025-07-04,2025-07-22,18,6200,14.2,105147,122.1,synthetic
V-2025-00989,gas-al-mutlaa,mina-al-ahmadi,karachi,PROPANE,2025-07-05,2025-07-08,3,1050,14.9,47406,111.1,synthetic
V-2025-00990,al-yarmouk,mina-al-ahmadi,augusta,KEC,2025-07-07,2025-07-19,12,4100,14.5,290119,51.3,synthetic
V-2025-00991,bneider,mina-al-ahmadi,jnpt-mumbai,FUELOIL,2025-07-08,2025-07-12,4,1450,14.7,105612,84.4,synthetic
V-2025-00992,al-riqqa,mina-al-ahmadi,ain-sokhna,KHAFJI,2025-07-09,2025-07-19,10,3400,14.8,296558,44.0,synthetic
V-2025-00993,gas-al-gurain,mina-al-ahmadi,karachi,BUTANE,2025-07-09,2025-07-12,3,1050,15.2,46183,133.9,synthetic
V-2025-00994,kaifan,mina-abdullah,jnpt-mumbai,NAPHTHA,2025-07-10,2025-07-14,4,1450,14.7,44585,217.0,synthetic
V-2025-00995,shegardiah,mina-al-ahmadi,singapore,FUELOIL,2025-07-12,2025-07-24,12,3900,13.5,46536,131.8,synthetic
V-2025-00996,al-jabriyah-ii,mina-al-ahmadi,qingdao,EOCENE,2025-07-13,2025-08-02,20,6200,12.8,293058,83.9,synthetic
V-2025-00997,bubyan,mina-abdullah,colombo,NAPHTHA,2025-07-13,2025-07-21,8,2250,12.4,43468,133.6,synthetic
V-2025-00998,gas-umm-al-rowaisat,mina-al-ahmadi,colombo,PROPANE,2025-07-14,2025-07-21,7,2250,14.4,51742,107.6,synthetic
V-2025-00999,gas-al-mutlaa,mina-al-ahmadi,sikka,PROPANE,2025-07-16,2025-07-19,3,1150,14.6,47527,100.1,synthetic
V-2025-01000,al-dasma,mina-al-zour,durban,NAPHTHA,2025-07-17,2025-07-30,13,4600,14.2,101449,138.3,synthetic
V-2025-01001,al-kout,mina-al-ahmadi,ningbo-zhoushan,KEC,2025-07-17,2025-08-04,18,5900,13.8,290551,39.7,synthetic
V-2025-01002,gas-al-gurain,mina-al-ahmadi,karachi,BUTANE,2025-07-21,2025-07-24,3,1050,14.1,46059,139.5,synthetic
V-2025-01003,al-salheia,mina-al-zour,yeosu,KHAFJI,2025-07-22,2025-08-12,21,6200,12.6,272688,79.3,synthetic
V-2025-01004,bneider,mina-al-ahmadi,trieste,GASOIL,2025-07-22,2025-08-03,12,4500,15.0,107097,99.4,synthetic
V-2025-01005,gas-al-kuwait-ii,mina-al-ahmadi,ningbo-zhoushan,BUTANE,2025-07-25,2025-08-10,16,5900,14.9,49984,107.0,synthetic
V-2025-01006,umm-al-aish,mina-al-ahmadi,yeosu,KHAFJI,2025-07-25,2025-08-12,18,6200,14.5,309943,87.0,synthetic
V-2025-01007,kaifan,mina-al-ahmadi,jnpt-mumbai,GASOIL,2025-07-26,2025-07-30,4,1450,14.6,42348,116.1,synthetic
V-2025-01008,al-yamamah,mina-al-ahmadi,ain-sokhna,GASOIL,2025-07-27,2025-08-06,10,3400,14.5,46236,229.1,synthetic
V-2025-01009,gas-al-mutlaa,mina-al-ahmadi,karachi,PROPANE,2025-07-28,2025-07-31,3,1050,13.7,46835,75.9,synthetic
V-2025-01010,burgan,mina-al-ahmadi,karachi,GASOLINE,2025-07-29,2025-08-01,3,1050,14.6,42811,189.3,synthetic
V-2025-01011,gas-al-negeh,mina-al-ahmadi,qingdao,PROPANE,2025-07-29,2025-08-17,19,6200,13.5,49438,106.8,synthetic
V-2025-01012,bahra,mina-al-zour,trieste,GASOLINE,2025-08-01,2025-08-15,14,4500,13.3,104318,169.0,synthetic
V-2025-01013,bubyan,mina-al-zour,fujairah,NAPHTHA,2025-08-01,2025-08-03,2,590,11.9,44548,147.0,synthetic
V-2025-01014,gas-umm-al-rowaisat,mina-al-ahmadi,ningbo-zhoushan,PROPANE,2025-08-02,2025-08-21,19,5900,13.0,51874,124.4,synthetic
V-2025-01015,al-funtas,mina-al-ahmadi,yeosu,KEC,2025-08-03,2025-08-22,19,6200,13.7,286510,77.5,synthetic
V-2025-01016,al-salmi,mina-al-ahmadi,chiba,KEC,2025-08-03,2025-08-24,21,6700,13.2,307098,52.5,synthetic
V-2025-01017,al-shegaya,mina-al-ahmadi,rotterdam,KEC,2025-08-03,2025-08-23,20,6400,13.1,290525,47.5,synthetic
V-2025-01018,gas-al-gurain,mina-al-ahmadi,mombasa,BUTANE,2025-08-03,2025-08-11,8,2700,14.2,46953,112.2,synthetic
V-2025-01019,dar-salwa,mina-al-ahmadi,sikka,KEC,2025-08-04,2025-08-08,4,1150,13.1,300771,66.0,synthetic
V-2025-01020,al-riqqa,mina-al-zour,chiba,KEC,2025-08-05,2025-08-24,19,6700,14.5,308159,72.5,synthetic
V-2025-01021,al-yarmouk,mina-al-ahmadi,ulsan,KEC,2025-08-05,2025-08-23,18,6300,15.0,304426,40.2,synthetic
V-2025-01022,gas-al-ahmadiah,mina-al-ahmadi,qingdao,PROPANE,2025-08-05,2025-08-23,18,6200,14.5,51357,123.9,synthetic
V-2025-01023,mutriba,mina-abdullah,fujairah,JETA1,2025-08-05,2025-08-07,2,590,12.5,44268,223.9,synthetic
V-2025-01024,al-siddeeq,mina-al-zour,qingdao,KHAFJI,2025-08-07,2025-08-25,18,6200,14.3,311101,50.9,synthetic
V-2025-01025,kaifan,mina-al-zour,colombo,NAPHTHA,2025-08-07,2025-08-13,6,2250,14.7,44284,169.3,synthetic
V-2025-01026,gas-al-mutlaa,mina-al-ahmadi,karachi,PROPANE,2025-08-08,2025-08-11,3,1050,14.5,46818,90.5,synthetic
V-2025-01027,al-derwazah,mina-al-ahmadi,kawasaki,KEC,2025-08-10,2025-08-28,18,6700,15.2,289398,60.7,synthetic
V-2025-01028,gas-al-mubarakiah,mina-al-ahmadi,sikka,BUTANE,2025-08-10,2025-08-14,4,1150,13.3,51564,93.6,synthetic
V-2025-01029,burgan,mina-al-ahmadi,durban,GASOLINE,2025-08-11,2025-08-24,13,4600,15.1,41809,254.0,synthetic
V-2025-01030,shegardiah,mina-al-zour,colombo,GASOIL,2025-08-11,2025-08-18,7,2250,13.5,46567,186.6,synthetic
V-2025-01031,bubyan,mina-al-ahmadi,colombo,GASOIL,2025-08-12,2025-08-20,8,2250,12.0,42258,159.6,synthetic
V-2025-01032,kazimah-iii,mina-al-ahmadi,qingdao,KEC,2025-08-14,2025-09-03,20,6200,13.0,307600,75.6,synthetic
V-2025-01033,mutriba,mina-al-ahmadi,singapore,JETA1,2025-08-14,2025-08-27,13,3900,12.1,43478,246.5,synthetic
V-2025-01034,dar-salwa,mina-al-ahmadi,qingdao,KEC,2025-08-15,2025-09-05,21,6200,12.5,293624,44.0,synthetic
V-2025-01035,wafrah,mina-al-ahmadi,fujairah,GASOIL,2025-08-15,2025-08-17,2,590,12.0,105498,144.6,synthetic
V-2025-01036,al-dasma,mina-abdullah,augusta,JETA1,2025-08-18,2025-09-01,14,4100,12.5,102338,169.0,synthetic
V-2025-01037,gas-al-mubarakiah,mina-al-ahmadi,ningbo-zhoushan,PROPANE,2025-08-22,2025-09-12,21,5900,11.9,50420,126.1,synthetic
V-2025-01038,gas-al-mutlaa,mina-al-ahmadi,sikka,PROPANE,2025-08-22,2025-08-25,3,1150,14.9,47666,91.3,synthetic
V-2025-01039,wafrah,mina-al-zour,jnpt-mumbai,NAPHTHA,2025-08-23,2025-08-28,5,1450,13.3,105935,158.6,synthetic
V-2025-01040,al-yamamah,mina-al-ahmadi,sikka,GASOIL,2025-08-24,2025-08-28,4,1150,12.2,45498,170.1,synthetic
V-2025-01041,kaifan,mina-abdullah,colombo,GASOIL,2025-08-24,2025-08-31,7,2250,13.8,44852,116.6,synthetic
V-2025-01042,gas-al-gurain,mina-al-ahmadi,karachi,BUTANE,2025-08-25,2025-08-28,3,1050,14.9,44864,144.9,synthetic
V-2025-01043,al-jabriyah-ii,mina-al-ahmadi,ningbo-zhoushan,KHAFJI,2025-08-26,2025-09-16,21,5900,11.9,305792,86.8,synthetic
V-2025-01044,bneider,mina-al-ahmadi,augusta,GASOIL,2025-08-26,2025-09-08,13,4100,13.2,104316,126.4,synthetic
V-2025-01045,al-kout,mina-al-ahmadi,qingdao,KEC,2025-08-27,2025-09-13,17,6200,14.9,301720,77.1,synthetic
V-2025-01046,shegardiah,mina-abdullah,ain-sokhna,FUELOIL,2025-08-28,2025-09-08,11,3400,12.4,44452,159.7,synthetic
V-2025-01047,bubyan,mina-al-ahmadi,karachi,GASOIL,2025-09-02,2025-09-06,4,1050,12.0,44483,215.0,synthetic
V-2025-01048,gas-al-mutlaa,mina-al-ahmadi,mombasa,BUTANE,2025-09-03,2025-09-11,8,2700,14.6,45815,72.6,synthetic
V-2025-01049,bahra,mina-abdullah,fujairah,NAPHTHA,2025-09-04,2025-09-06,2,590,14.6,101082,131.2,synthetic
V-2025-01050,gas-al-gurain,mina-al-ahmadi,fujairah,PROPANE,2025-09-04,2025-09-06,2,590,12.8,46599,133.9,synthetic
V-2025-01051,gas-al-kuwait-ii,mina-al-ahmadi,ningbo-zhoushan,BUTANE,2025-09-05,2025-09-21,16,5900,15.2,49337,101.6,synthetic
V-2025-01052,umm-al-aish,mina-al-ahmadi,augusta,KHAFJI,2025-09-05,2025-09-18,13,4100,12.9,305594,38.7,synthetic
V-2025-01053,wafrah,mina-abdullah,qingdao,NAPHTHA,2025-09-06,2025-09-27,21,6200,12.2,108757,132.6,synthetic
V-2025-01054,al-salheia,mina-al-ahmadi,ain-sokhna,KHAFJI,2025-09-07,2025-09-18,11,3400,12.8,273403,55.3,synthetic
V-2025-01055,al-yamamah,mina-abdullah,fujairah,GASOIL,2025-09-09,2025-09-11,2,590,14.5,46588,217.2,synthetic
V-2025-01056,bahra,mina-al-ahmadi,jnpt-mumbai,FUELOIL,2025-09-13,2025-09-18,5,1450,12.1,103760,135.7,synthetic
V-2025-01057,burgan,mina-al-zour,sikka,GASOIL,2025-09-13,2025-09-17,4,1150,11.9,41875,120.0,synthetic
V-2025-01058,gas-umm-al-rowaisat,mina-al-ahmadi,colombo,PROPANE,2025-09-13,2025-09-21,8,2250,11.9,52854,62.6,synthetic
V-2025-01059,kaifan,shuaiba,colombo,NAPHTHA,2025-09-13,2025-09-20,7,2250,14.3,44135,178.2,synthetic
V-2025-01060,bubyan,mina-abdullah,singapore,GASOIL,2025-09-14,2025-09-27,13,3900,12.1,42730,145.1,synthetic
V-2025-01061,gas-al-negeh,mina-al-ahmadi,ningbo-zhoushan,BUTANE,2025-09-14,2025-10-01,17,5900,14.4,48814,114.3,synthetic
V-2025-01062,gas-al-ahmadiah,mina-al-ahmadi,ningbo-zhoushan,BUTANE,2025-09-15,2025-10-02,17,5900,14.4,51006,96.2,synthetic
V-2025-01063,gas-al-gurain,mina-al-ahmadi,jnpt-mumbai,BUTANE,2025-09-16,2025-09-20,4,1450,14.5,46787,121.0,synthetic
V-2025-01064,mutriba,mina-al-zour,colombo,JETA1,2025-09-16,2025-09-23,7,2250,13.1,43752,202.2,synthetic
V-2025-01065,al-salmi,mina-al-ahmadi,kawasaki,KEC,2025-09-18,2025-10-09,21,6700,13.1,290917,70.4,synthetic
V-2025-01066,al-yamamah,mina-abdullah,sikka,GASOLINE,2025-09-18,2025-09-21,3,1150,13.9,46961,188.2,synthetic
V-2025-01067,al-yarmouk,mina-al-ahmadi,rotterdam,KEC,2025-09-18,2025-10-08,20,6400,13.4,301050,46.8,synthetic
V-2025-01068,al-funtas,mina-al-ahmadi,yeosu,KEC,2025-09-19,2025-10-07,18,6200,14.4,290514,45.4,synthetic
V-2025-01069,al-siddeeq,mina-al-ahmadi,ningbo-zhoushan,KHAFJI,2025-09-19,2025-10-09,20,5900,12.2,306424,62.3,synthetic
V-2025-01070,al-riqqa,mina-al-zour,ulsan,EOCENE,2025-09-20,2025-10-08,18,6300,14.9,290033,52.1,synthetic
V-2025-01071,al-shegaya,mina-al-zour,augusta,KSLC,2025-09-20,2025-10-03,13,4100,13.4,278692,54.8,synthetic
V-2025-01072,al-dasma,mina-abdullah,sikka,JETA1,2025-09-22,2025-09-26,4,1150,12.3,99263,104.3,synthetic
V-2025-01073,al-derwazah,mina-al-ahmadi,ulsan,KEC,2025-09-22,2025-10-12,20,6300,13.4,299140,41.2,synthetic
V-2025-01074,gas-al-mutlaa,mina-al-ahmadi,colombo,PROPANE,2025-09-24,2025-10-01,7,2250,12.7,46851,102.7,synthetic
V-2025-01075,shegardiah,shuaiba,fujairah,FUELOIL,2025-09-25,2025-09-27,2,590,15.0,45651,122.7,synthetic
V-2025-01076,bneider,mina-al-zour,jnpt-mumbai,JETA1,2025-09-26,2025-10-01,5,1450,12.1,103698,133.1,synthetic
V-2025-01077,bahra,mina-al-zour,sikka,GASOIL,2025-09-28,2025-10-02,4,1150,13.2,105436,150.8,synthetic
V-2025-01078,burgan,mina-abdullah,fujairah,JETA1,2025-09-28,2025-09-30,2,590,13.4,42766,199.1,synthetic
V-2025-01079,dar-salwa,mina-al-ahmadi,ningbo-zhoushan,KEC,2025-09-28,2025-10-15,17,5900,14.5,304468,52.2,synthetic
V-2025-01080,kazimah-iii,mina-al-ahmadi,augusta,KEC,2025-09-29,2025-10-12,13,4100,12.8,286097,60.0,synthetic
V-2025-01081,al-yamamah,mina-al-ahmadi,karachi,GASOLINE,2025-09-30,2025-10-03,3,1050,13.6,45679,143.7,synthetic
V-2025-01082,gas-al-gurain,mina-al-ahmadi,mombasa,PROPANE,2025-10-01,2025-10-09,8,2700,14.2,44564,79.0,synthetic
V-2025-01083,gas-umm-al-rowaisat,mina-al-ahmadi,sikka,BUTANE,2025-10-04,2025-10-07,3,1150,14.0,52676,109.1,synthetic
V-2025-01084,kaifan,mina-abdullah,durban,GASOLINE,2025-10-04,2025-10-17,13,4600,15.0,42708,243.5,synthetic
V-2025-01085,umm-al-aish,mina-al-ahmadi,ningbo-zhoushan,KEC,2025-10-04,2025-10-21,17,5900,14.2,294166,80.8,synthetic
V-2025-01086,al-dasma,mina-al-zour,fujairah,JETA1,2025-10-05,2025-10-07,2,590,12.0,103143,144.6,synthetic
V-2025-01087,al-salheia,mina-al-ahmadi,qingdao,KEC,2025-10-05,2025-10-23,18,6200,14.1,289096,80.9,synthetic
V-2025-01088,mutriba,mina-abdullah,karachi,JETA1,2025-10-05,2025-10-09,4,1050,12.2,43873,152.7,synthetic
V-2025-01089,gas-al-mubarakiah,mina-al-ahmadi,ulsan,PROPANE,2025-10-06,2025-10-25,19,6300,13.8,52051,106.5,synthetic
V-2025-01090,shegardiah,mina-al-ahmadi,singapore,GASOIL,2025-10-08,2025-10-20,12,3900,14.1,43939,148.9,synthetic
V-2025-01091,al-jabriyah-ii,mina-al-ahmadi,chiba,KEC,2025-10-09,2025-10-28,19,6700,14.9,307253,83.6,synthetic
V-2025-01092,bahra,mina-al-zour,ain-sokhna,NAPHTHA,2025-10-10,2025-10-20,10,3400,14.8,101823,109.7,synthetic
V-2025-01093,bneider,mina-al-zour,sikka,JETA1,2025-10-10,2025-10-14,4,1150,13.1,99957,170.1,synthetic
V-2025-01094,burgan,mina-al-ahmadi,jnpt-mumbai,GASOLINE,2025-10-10,2025-10-15,5,1450,11.9,42360,139.3,synthetic
V-2025-01095,al-kout,mina-al-ahmadi,chiba,KEC,2025-10-11,2025-11-02,22,6700,12.6,298880,42.8,synthetic
V-2025-01096,al-yamamah,mina-al-ahmadi,jnpt-mumbai,GASOLINE,2025-10-12,2025-10-16,4,1450,13.6,45371,230.0,synthetic
V-2025-01097,gas-al-mutlaa,mina-al-ahmadi,singapore,PROPANE,2025-10-15,2025-10-26,11,3900,14.4,45890,121.6,synthetic
V-2025-01098,al-dasma,mina-abdullah,durban,GASOIL,2025-10-16,2025-10-30,14,4600,13.4,99086,123.4,synthetic
V-2025-01099,gas-al-kuwait-ii,mina-al-ahmadi,ningbo-zhoushan,BUTANE,2025-10-16,2025-11-04,19,5900,13.0,49749,84.0,synthetic
V-2025-01100,gas-umm-al-rowaisat,mina-al-ahmadi,chiba,PROPANE,2025-10-16,2025-11-08,23,6700,12.2,52061,78.8,synthetic
V-2025-01101,mutriba,mina-al-ahmadi,singapore,FUELOIL,2025-10-16,2025-10-28,12,3900,13.1,42356,179.1,synthetic
V-2025-01102,bubyan,shuaiba,fujairah,FUELOIL,2025-10-18,2025-10-20,2,590,11.8,43766,190.0,synthetic
V-2025-01103,wafrah,mina-abdullah,sikka,GASOIL,2025-10-21,2025-10-25,4,1150,13.2,110324,78.6,synthetic
V-2025-01104,al-shegaya,mina-al-ahmadi,qingdao,KEC,2025-10-22,2025-11-12,21,6200,12.5,272581,60.9,synthetic
V-2025-01105,bneider,mina-abdullah,ain-sokhna,NAPHTHA,2025-10-23,2025-11-03,11,3400,13.1,102734,119.0,synthetic
V-2025-01106,gas-al-gurain,mina-al-ahmadi,colombo,BUTANE,2025-10-23,2025-10-29,6,2250,14.6,46924,140.0,synthetic
V-2025-01107,burgan,mina-abdullah,fujairah,GASOLINE,2025-10-25,2025-10-27,2,590,12.2,42835,258.7,synthetic
V-2025-01108,gas-al-negeh,mina-al-ahmadi,qingdao,PROPANE,2025-10-26,2025-11-16,21,6200,12.5,49333,79.6,synthetic
V-2025-01109,al-yamamah,mina-al-ahmadi,karachi,GASOIL,2025-10-27,2025-10-30,3,1050,14.2,45510,118.6,synthetic
V-2025-01110,gas-al-ahmadiah,mina-al-ahmadi,colombo,PROPANE,2025-10-27,2025-11-04,8,2250,12.3,49968,127.1,synthetic
V-2025-01111,bubyan,mina-al-ahmadi,durban,NAPHTHA,2025-10-30,2025-11-14,15,4600,12.9,43481,249.8,synthetic
V-2025-01112,al-riqqa,mina-al-ahmadi,qingdao,KHAFJI,2025-10-31,2025-11-18,18,6200,14.4,301078,85.6,synthetic
V-2025-01113,kazimah-iii,mina-al-ahmadi,yeosu,KEC,2025-10-31,2025-11-20,20,6200,12.7,295287,83.0,synthetic
V-2025-01114,al-siddeeq,mina-al-zour,rotterdam,KEC,2025-11-02,2025-11-22,20,6400,13.4,303509,54.2,synthetic
V-2025-01115,burgan,mina-al-zour,jnpt-mumbai,GASOIL,2025-11-02,2025-11-06,4,1450,14.4,44677,220.8,synthetic
V-2025-01116,al-yarmouk,mina-al-ahmadi,qingdao,KEC,2025-11-03,2025-11-21,18,6200,14.6,296351,50.3,synthetic
V-2025-01117,al-funtas,mina-al-ahmadi,ulsan,KEC,2025-11-04,2025-11-23,19,6300,13.6,285989,63.9,synthetic
V-2025-01118,al-derwazah,mina-al-ahmadi,sikka,KEC,2025-11-05,2025-11-09,4,1150,12.0,307258,79.0,synthetic
V-2025-01119,shegardiah,mina-al-zour,jnpt-mumbai,JETA1,2025-11-05,2025-11-10,5,1450,12.3,45486,181.5,synthetic
V-2025-01120,al-salmi,mina-al-ahmadi,qingdao,KEC,2025-11-06,2025-11-24,18,6200,14.7,295635,73.4,synthetic
V-2025-01121,al-yamamah,mina-al-ahmadi,singapore,FUELOIL,2025-11-06,2025-11-18,12,3900,14.1,45819,136.6,synthetic
V-2025-01122,bahra,mina-al-ahmadi,qingdao,GASOIL,2025-11-06,2025-11-24,18,6200,14.5,107171,136.6,synthetic
V-2025-01123,wafrah,mina-al-zour,singapore,GASOIL,2025-11-06,2025-11-19,13,3900,12.8,106482,132.6,synthetic
V-2025-01124,kaifan,mina-al-ahmadi,fujairah,GASOIL,2025-11-07,2025-11-09,2,590,12.6,43321,254.9,synthetic
V-2025-01125,dar-salwa,mina-al-ahmadi,qingdao,KEC,2025-11-08,2025-11-30,22,6200,12.0,303483,82.0,synthetic
V-2025-01126,gas-al-mutlaa,mina-al-ahmadi,jnpt-mumbai,BUTANE,2025-11-10,2025-11-14,4,1450,13.5,46768,117.8,synthetic
V-2025-01127,gas-al-gurain,mina-al-ahmadi,singapore,PROPANE,2025-11-12,2025-11-24,12,3900,14.0,46360,89.2,synthetic
V-2025-01128,al-salheia,mina-al-zour,ningbo-zhoushan,KEC,2025-11-13,2025-11-30,17,5900,14.8,276042,77.8,synthetic
V-2025-01129,umm-al-aish,mina-al-ahmadi,trieste,KEC,2025-11-15,2025-11-27,12,4500,15.1,297161,53.8,synthetic
V-2025-01130,burgan,mina-abdullah,karachi,GASOLINE,2025-11-16,2025-11-20,4,1050,11.9,43230,208.4,synthetic
V-2025-01131,mutriba,mina-abdullah,mombasa,JETA1,2025-11-16,2025-11-24,8,2700,13.7,44352,237.5,synthetic
V-2025-01132,kaifan,mina-al-ahmadi,durban,NAPHTHA,2025-11-17,2025-12-01,14,4600,13.4,43049,244.7,synthetic
V-2025-01133,al-derwazah,mina-al-zour,ulsan,KEC,2025-11-18,2025-12-09,21,6300,12.8,286093,85.4,synthetic
V-2025-01134,gas-al-ahmadiah,mina-al-ahmadi,sikka,BUTANE,2025-11-18,2025-11-21,3,1150,14.1,50741,135.1,synthetic
V-2025-01135,al-dasma,mina-al-ahmadi,fujairah,JETA1,2025-11-19,2025-11-21,2,590,12.4,104925,114.8,synthetic
V-2025-01136,gas-al-mubarakiah,mina-al-ahmadi,jnpt-mumbai,PROPANE,2025-11-20,2025-11-25,5,1450,13.1,51650,116.4,synthetic
V-2025-01137,shegardiah,mina-al-zour,jnpt-mumbai,GASOLINE,2025-11-21,2025-11-26,5,1450,12.2,44719,262.5,synthetic
V-2025-01138,bneider,mina-abdullah,jnpt-mumbai,JETA1,2025-11-22,2025-11-26,4,1450,14.6,102385,120.9,synthetic
V-2025-01139,gas-al-mutlaa,mina-al-ahmadi,karachi,BUTANE,2025-11-23,2025-11-26,3,1050,13.9,45117,98.5,synthetic
V-2025-01140,al-kout,mina-al-zour,kawasaki,KEC,2025-11-25,2025-12-15,20,6700,14.1,307504,75.9,synthetic
V-2025-01141,al-jabriyah-ii,mina-al-ahmadi,ain-sokhna,KHAFJI,2025-11-27,2025-12-08,11,3400,13.4,293879,78.4,synthetic
V-2025-01142,burgan,mina-abdullah,singapore,GASOIL,2025-11-27,2025-12-09,12,3900,13.3,42573,135.6,synthetic
V-2025-01143,gas-al-kuwait-ii,mina-al-ahmadi,jnpt-mumbai,PROPANE,2025-11-28,2025-12-03,5,1450,13.2,50876,87.6,synthetic
V-2025-01144,al-dasma,mina-al-ahmadi,ulsan,FUELOIL,2025-11-29,2025-12-20,21,6300,12.8,100746,147.8,synthetic
V-2025-01145,gas-al-ahmadiah,mina-al-ahmadi,qingdao,PROPANE,2025-12-02,2025-12-20,18,6200,14.3,51841,126.0,synthetic
V-2025-01146,gas-umm-al-rowaisat,mina-al-ahmadi,ningbo-zhoushan,PROPANE,2025-12-04,2025-12-24,20,5900,12.5,51718,132.6,synthetic
V-2025-01147,gas-al-mubarakiah,mina-al-ahmadi,jnpt-mumbai,PROPANE,2025-12-05,2025-12-09,4,1450,13.8,50712,87.1,synthetic
V-2025-01148,al-yamamah,mina-abdullah,durban,GASOIL,2025-12-06,2025-12-19,13,4600,14.4,45102,199.0,synthetic
V-2025-01149,bneider,mina-al-ahmadi,jnpt-mumbai,GASOLINE,2025-12-06,2025-12-10,4,1450,14.7,99659,128.2,synthetic
V-2025-01150,gas-al-mutlaa,mina-al-ahmadi,karachi,PROPANE,2025-12-06,2025-12-09,3,1050,12.8,46269,70.1,synthetic
V-2025-01151,wafrah,mina-al-ahmadi,durban,GASOIL,2025-12-06,2025-12-22,16,4600,12.0,104653,140.9,synthetic
V-2025-01152,bubyan,mina-al-ahmadi,karachi,GASOLINE,2025-12-08,2025-12-12,4,1050,12.0,42610,189.4,synthetic
V-2025-01153,shegardiah,mina-abdullah,fujairah,GASOIL,2025-12-08,2025-12-10,2,590,12.6,46785,232.5,synthetic
V-2025-01154,mutriba,mina-al-zour,fujairah,GASOLINE,2025-12-11,2025-12-13,2,590,15.0,42295,219.2,synthetic
V-2025-01155,al-yarmouk,mina-al-ahmadi,sikka,KEC,2025-12-13,2025-12-16,3,1150,15.2,293053,54.7,synthetic
V-2025-01156,gas-al-gurain,mina-al-ahmadi,karachi,PROPANE,2025-12-13,2025-12-16,3,1050,13.3,45872,131.2,synthetic
V-2025-01157,gas-al-negeh,mina-al-ahmadi,colombo,PROPANE,2025-12-13,2025-12-20,7,2250,13.4,52067,106.3,synthetic
V-2025-01158,al-funtas,mina-al-ahmadi,sikka,KEC,2025-12-15,2025-12-19,4,1150,13.6,287941,57.0,synthetic
V-2025-01159,shegardiah,mina-abdullah,jnpt-mumbai,JETA1,2025-12-17,2025-12-22,5,1450,12.7,46320,122.0,synthetic
V-2025-01160,gas-al-mutlaa,mina-al-ahmadi,colombo,PROPANE,2025-12-18,2025-12-24,6,2250,14.9,46625,130.1,synthetic
V-2025-01161,bahra,mina-al-zour,fujairah,JETA1,2025-12-20,2025-12-22,2,590,12.9,104058,130.1,synthetic
V-2025-01162,gas-al-mubarakiah,mina-al-ahmadi,jnpt-mumbai,BUTANE,2025-12-21,2025-12-25,4,1450,13.9,49577,91.3,synthetic
V-2025-01163,mutriba,mina-al-ahmadi,jnpt-mumbai,GASOIL,2025-12-22,2025-12-26,4,1450,14.5,43178,177.8,synthetic
V-2025-01164,bneider,mina-al-zour,jnpt-mumbai,FUELOIL,2025-12-23,2025-12-28,5,1450,13.0,104611,156.3,synthetic
V-2025-01165,bubyan,mina-al-zour,jnpt-mumbai,GASOLINE,2025-12-24,2025-12-28,4,1450,14.4,44165,233.2,synthetic
V-2025-01166,gas-al-gurain,mina-al-ahmadi,jnpt-mumbai,PROPANE,2025-12-26,2025-12-31,5,1450,13.0,44735,76.9,synthetic
V-2025-01167,bahra,mina-abdullah,fujairah,NAPHTHA,2025-12-29,2025-12-31,2,590,11.9,104174,147.8,synthetic
